date,ele_pro,ele,operating reserve,rate,emp,people_use,NuclearOne#1(萬瓩),NuclearOne#2(萬瓩),NuclearTwo#1(萬瓩),NuclearTwo#2(萬瓩),NuclearThree#1,NuclearThree#2,LinKou#1,LinKou#2,LinKou#3,TaiZhong#1,TaiZhong#2,TaiZhong#3,台中#4,台中#5,台中#6,台中#7,台中#8,台中#9,台中#10,XingDa#1,XingDa#2,XingDa#3,XingDa#4,DaLin#1,DaLin#2,HePing#1,HePing#2,MaiLiao#1,MaiLiao#2,MaiLiao#3,Cogeneration,DaTan (#1-#6),TongXiao (#1-#6),興達 (#1-#5),南部 (#1-#4),大林(#5-#6),海湖 (#1-#2),國光 #1,新桃#1,星彰#1,星元#1,嘉惠#1,豐德(#1-#2),協和 (#1-#4),氣渦輪,Island,德基,青山,谷關,天輪,馬鞍,萬大,大觀,鉅工,大觀二,明潭,碧海,立霧,龍澗,卓蘭,水里,其他小水力,風力發電,Solar,TMax_TPE,TMin_TPE
20190102,30047,28148,1899,6.75,323.08,221.864,0,0,98.5,98.6,94.3,0,76,76,0,53.3,0,0,52.1,52.7,52.3,51.9,0,0,0,33.1,33,42.2,52.6,75.6,76.4,60,60.3,56.8,0,57.1,104.4,243,135.8,151.1,101.9,91.7,92,49.5,60.1,53.3,56.5,66.5,102.4,41.1,0,11,3.4,3.2,2.5,2.2,1.2,1,0,0,29.9,52.3,0,1.2,2,2.1,0,23.4,18.2,15.7,18.2,15.7
20190103,30343,28452,1891,6.65,336.597,231.146,0,0,98.7,98.6,94.1,0,75.9,75.9,0,53.3,0,0,52,52.7,52.2,51.9,0,0,0,28.2,28.1,37.8,52.6,75.8,76.4,59.9,49.3,56.8,0,57.1,104,261.6,129,147.5,93.8,91.6,92,49.2,60.2,53.4,56.3,66.5,104,86.9,0,10.9,3.1,1.4,2.5,2.2,1.1,2.4,1.9,0.5,14.3,65.5,0,1.4,1.2,2,0.1,24.1,20.0,17.1,20.0,17.1
20190104,30301,28490,1811,6.36,339.02,232.81,0,0,98.7,98.4,94.1,0,76,76,0,53.2,0,0,52.3,52.8,52.2,51.9,0,0,0,32.7,33.1,38.4,52.6,75.6,76.4,60.2,0,56.8,0,57.1,106.9,315.1,147.8,160.6,87.6,91.6,92,49,60.2,53.6,56.6,66.6,103.1,75.2,0,11.4,3.9,3.7,2.5,2.2,1.2,1,3.4,1,18.1,52.3,0,1.4,1.4,0,0,19.3,28.6,19.2,28.6,19.2
20190105,27957,26054,1903,7.3,315.825,216.882,0,0,98.7,98.6,94.1,0,75.7,75.8,0,53.1,0,0,52.2,52.9,52.2,51.8,28.1,0,0,28.2,28.1,32.8,52.7,75.8,76.5,57.5,0,56.8,0,57.1,40.6,264.4,146.4,161.3,106.2,88.7,46.1,0,60.1,53.2,55.8,68.6,102.3,13.1,0,11.3,0.3,1.2,2.2,1.8,0.8,0.9,1.8,0.7,30.4,57.6,0,1.3,3,2.9,0,23.9,22.4,18.8,22.4,18.8
20190106,26950,24617,2333,9.48,295.08,202.637,0,0,98.6,98.5,94.2,0,75.7,75.6,0,53.1,0,0,52.4,52.8,52.3,52,40.8,0,0,28.3,28.1,32.8,52.6,75.8,76.6,57.4,0,56.8,0,57.1,38.4,273.3,135.4,157,96.9,56.9,46.1,0,0,53.3,56.2,0,103.8,13.1,0,11.3,3.3,0.9,2.3,1.8,0.8,0.9,0,0.4,31.4,65.6,0,1.2,3,3,0,23.1,19.3,16.7,19.3,16.7
20190107,30336,28536,1800,6.31,330.919,227.247,0,0,98.6,98.5,94.1,0,75.7,75.6,0,53.1,0,0,52.3,52.9,52.3,52.1,55.2,0,0,47.8,47.8,37.4,52.5,75.8,76.4,60.1,0,56.7,0,57.1,57.8,311.6,137.3,161.1,95.7,91.7,46.1,48.6,60.2,53.3,55.9,68.6,103.6,87.8,0,11.1,3.2,0.7,0,1.3,0.6,2,0,0.4,28.4,63,0,1.2,3,2.7,0.2,23.1,24.0,17.7,24.0,17.7
20190108,30562,28719,1843,6.42,340.713,233.974,0,0,98.5,98.4,94.2,0,75.7,75.6,0,53.6,0,0,52.1,52.6,52.2,52.2,50.1,0,0,47.8,47.2,52.5,52.7,75.8,76.5,0,0,56.7,0,57.1,59.4,309,137.2,166.1,95.7,91.6,92,48.8,60.1,53.2,55.7,68.6,103.3,84.3,0,11.2,3.2,1.6,0,1.3,0.5,2,1.6,0.4,17.2,63.3,0,1.1,1.2,2,0.1,24.8,21.4,18.1,21.4,18.1
20190109,30595,28641,1954,6.82,339.42,233.086,0,0,98.6,98.5,94.3,0,75.7,75.6,0,53.1,0,0,52,52.4,52.2,52.2,52.5,0,0,32.7,45.9,49.4,52.5,75.8,76.4,0,0,56.8,0,57.1,54.1,333.4,143.8,143.7,98.6,91.7,92,48.9,60.2,53.3,55.9,66.3,101.7,86.8,0,11.6,3.3,2.1,0,1.7,0.4,4,3.9,1.3,29,59.7,0,1.1,3,2.5,0,25.2,20.6,16.8,20.6,16.8
20190110,30853,29006,1847,6.37,345.741,237.426,0,0,98.5,98.4,94.2,0,75.7,75.5,0,53.5,0,0,52.2,52.5,52.3,52.5,52.5,0,0,32.9,37.8,52.3,52.6,75.6,76.4,0,0,56.9,0,57.1,52.6,384.2,149.7,146.1,99.5,91.7,92,48.8,60.4,53.6,56.1,68.7,103.3,103.6,0,11.5,0,1.9,0,1.6,0.7,4.1,3.4,1.1,29.1,48.5,0,1.1,3,2,0.1,25.5,28.3,20.5,28.3,20.5
20190111,30682,28798,1884,6.54,345.312,237.131,0,0,98.6,98.5,93.4,0,75.6,75.5,0,53.1,0,0,52.1,52.5,52.2,52.4,52.1,0,0,28.4,28,52.2,52.5,75.6,76.2,0,0,56.9,0,57,55.4,350,150,142.5,95.4,91.7,91.6,48.2,60.2,53.4,55.6,67.6,99.1,95.3,0,10.9,0,1.4,0,2.2,0.9,0.4,3.1,1.1,10.4,44,0,1.1,0.8,0,0,12,27.1,20.4,27.1,20.4
20190112,28402,25905,2497,9.64,316.377,217.261,0,0,98.4,98.3,94.2,66.6,75.9,75.8,0,53.1,0,0,52,52.5,52.7,52.3,52.5,0,0,33,48,51.5,52.7,75.8,76.3,60.1,0,56.9,0,57.1,37.9,248.9,138.2,134.4,83.7,79.8,42,49.5,0,53.2,55.7,66.4,51.9,13.6,0,10.1,3.5,2.3,0,1.8,0.8,2.2,2.3,0.7,14.8,49.4,0,1.1,1.9,2.1,0,23,21.2,18.1,21.2,18.1
20190113,27027,24629,2398,9.74,295.069,202.629,0,0,98.4,98.3,94.3,93.9,76,75.6,0,53,0,0,52.3,52.5,52.7,52.3,53.4,0,0,33.1,33.1,19.3,52.5,75.6,76.3,56.5,0,47.1,0,57.1,34.5,257.5,132.8,152.7,85.6,88,45.9,49.1,0,0,56,0,51.1,13.8,0,11.3,3.6,2.5,0,2.4,0.8,2.2,4.3,1.6,15.5,50.6,0,1.1,0.7,1.8,0.1,21.7,20.4,17.9,20.4,17.9
20190114,30093,28348,1745,6.16,330.529,226.979,0,0,98.5,98.4,94.3,94.3,75.8,75.6,0,53.3,0,0,51.8,52.5,52.8,52.4,53.5,0,0,33.2,47.8,19.4,51.8,75.7,76.3,59.7,0,46.4,0,57.2,48.1,256.4,133.3,154.3,85.2,91.7,92,48.4,60.2,53.3,55.9,66.4,104.1,54.3,0,10.2,0,1.7,0,2.3,1.5,4.2,3.8,1.3,20.1,67.8,0,1.1,3,2.1,0,18.6,22.5,17.4,22.5,17.4
20190115,30731,28887,1844,6.38,341.979,234.843,0,0,98.5,98.3,94.4,94.3,75.7,76,0,53,0,0,52,52.6,52.7,52.4,53.5,30.9,0,45.4,44.2,18.6,34.3,75.8,76.5,59.9,0,0,0,57.1,55.4,273.6,140.6,151.2,87.3,91.7,91.8,48.8,60.2,51,53.4,67.7,102.1,90.2,0,10.2,4,2.5,0,1.9,0.9,4.2,3.7,1,33.9,41.4,0,1.1,1.8,2.2,0,20.9,23.1,18.2,23.1,18.2
20190116,30498,28649,1849,6.45,338.771,232.64,0,0,98.4,98.2,94.3,94.4,75.9,76.1,0,53.3,0,0,52.1,53.2,52.5,52.3,53.5,46.7,0,28.7,28.2,17.2,51,75.8,76.4,60,0,56.9,0,53,53.7,257.4,141.2,148.9,87.9,91.7,88,49.6,60.2,0,56.6,66.3,98.4,88,0,11.1,3.3,2,0,1.6,0.7,4.2,4.3,1.5,30.6,50,0,1.1,2,1.8,0.1,24.8,18.2,15.5,18.2,15.5
20190117,30328,28395,1933,6.81,337.237,231.587,0,0,98.4,98.3,94.3,94.4,75.9,0,0,53.2,0,0,52.2,53.1,52.5,52.2,53.4,52.4,0,33.1,33,37.5,52.5,75.6,76.3,59.9,0,56.8,0,0,51.6,290.3,139.9,147.1,81.8,86.6,92.1,49.6,60.1,54.1,56.8,66.3,105.8,81,0,11.2,2.6,1.6,0,1.6,0.7,4.2,3.4,1,14.9,48.8,0,1.2,3,2.1,0,26,16.4,14.8,16.4,14.8
20190118,29691,27756,1935,6.97,333.578,229.073,0,0,98.5,98.4,94.3,94.4,75.9,0,0,53.1,0,0,52.2,53.2,52.5,51.9,53.7,52.4,0,28.8,28.1,42.2,52.5,75.8,76.4,59.8,0,56.9,0,0,52.9,282.9,149.2,137,72.5,91.7,91.9,48.2,60.2,51.3,53.6,66.4,101,88.5,0,11.1,0,1,0,1.6,0.8,4.2,5.9,2.2,22.2,31.9,0,1.1,0.7,2.2,0,27.7,22.0,15.3,22.0,15.3
20190119,28431,26477,1954,7.38,323.444,222.114,0,0,98.6,98.5,94.4,94.5,75.8,0,0,53.1,0,0,52,53.2,52.5,51.9,53.7,52.3,0,29.7,28.7,38.3,27.1,75.9,76.4,60.1,0,56.9,0,0,52.5,259.8,127,151,73.5,77.4,45.7,48.9,60.2,53.8,56.2,66.4,103.9,53.5,0,10.8,4.2,1.2,0,1.5,0.7,4.2,5.2,2,21.4,60.8,0,1.1,2,1.8,0,26.2,23.6,14.9,23.6,14.9
20190120,27138,24539,2599,10.59,293.809,201.764,0,0,98.6,98.5,94.3,94.5,75.9,0,0,53.7,0,0,51.9,52.8,52.4,52.1,53.7,51.6,0,29.4,28.8,38.3,27.1,75.8,76.4,56.4,0,56.8,0,0,44.3,284.1,133.6,152.1,83,67.9,45.8,30.1,0,50.9,55.6,0,49.2,14.1,0,10.1,3.2,2.3,1.5,1.4,1,2.2,3.8,1.1,16.1,66.7,0,1.1,0.8,2.9,0,27.8,23.0,15.4,23.0,15.4
20190121,29654,27739,1915,6.9,324.539,222.866,0,0,98.6,98.5,94.5,94.4,76,0,0,53.6,0,0,52.1,53.3,52.4,51.9,53.7,52.3,0,29.4,28.2,38.3,37.3,75.6,76.2,60,0,56.8,0,0,123.6,276.9,139.6,137.6,62.1,36.2,92,49.6,60.2,54.2,56.8,66.4,98.7,53.2,0,10.8,0.9,1.8,2.3,2.1,1.1,4.4,4.2,1.4,29.3,46.5,0,1.8,3.3,3.1,0,31.3,16.2,14.3,16.2,14.3
20190122,30061,28140,1921,6.83,334.246,229.532,0,0,98.5,98.5,94.5,94.4,75.9,0,0,53.6,0,0,52,53,52.4,51.9,52.7,52.3,0,28.6,28.2,52.6,37.6,75.8,76.4,59.7,0,56.8,0,0,115.7,287.2,138.3,143.6,62.1,48.5,92.1,50.5,59.9,50.3,56.9,66.3,106,83,0.3,11.1,3.2,1.6,2.3,2.1,1.1,4.3,2.8,0.9,29,47.9,0,1.3,1,1.8,0,26.9,15.5,12.6,15.5,12.6
20190123,29776,27838,1938,6.96,333.761,229.199,0,0,98.6,98.5,94.5,94.5,76,0,0,53.2,0,0,52.2,53,52.4,52,53.7,51.4,0,29.1,0,44.9,34.9,75.8,76.4,59.8,0,56.8,0,0,115.4,282.4,132.9,132.6,70.9,91.6,83.4,48.5,60,45.1,45.5,66.5,98.2,86.2,0,11.3,3.7,2.5,1.9,1.7,1,2.2,4.5,1.4,32.5,51.2,0,1.2,3,1.8,0,29.3,18.2,11.9,18.2,11.9
20190124,29735,27863,1872,6.72,334.577,229.76,0,0,98.5,98.5,94.5,94.6,75.9,0,0,53.3,0,0,52.2,52.9,52.4,51.9,53.7,51.7,0,29.6,0,47.1,37.3,75.6,76.3,60,0,56.9,0,0,114.8,288.7,140.3,132.2,67.5,91.6,91.9,48.5,60,45.3,55.9,66.4,104.4,86.3,0,10.9,0,1,2,1.8,0.9,2.2,3.5,0.8,13.5,59.5,0,1.1,3,2.6,0,26,21.1,16.2,21.1,16.2
20190125,29202,27296,1906,6.98,332.047,228.022,0,0,98.5,98.4,94.5,94.5,75.7,0,0,53.3,0,0,51.8,3,52.4,51.8,53.7,49.6,0,29.7,0,47.1,37.3,75.8,76.2,60.1,0,56.8,0,0,104.9,301.2,140.2,143.3,61,91.6,85.6,44.2,60,45.1,45.6,66.3,102,89.9,0,10.6,3.6,2.6,2,1.8,0.9,2.2,4.3,1.6,15.8,53.7,0,1.1,2,2.5,0,27.4,23.5,15.4,23.5,15.4
20190126,27817,25282,2535,10.03,307.745,211.333,0,0,98.5,98.5,94.6,94.6,75.7,0,0,53.4,0,0,52.2,0,52.4,51.8,53.7,49.6,0,33.1,0,47.1,37.4,75.8,76.5,59.6,0,56.8,0,0,51.4,319.5,127.5,142.4,71.6,30.7,43.8,46.2,59.9,0,56.5,66.5,98.5,13.2,0,10.6,3.2,2.1,2,1.8,0.8,2.1,2.3,0.7,28.8,63,0,1.1,2.5,2.9,0.2,26.9,17.9,14.1,17.9,14.1
20190127,26506,24414,2092,8.57,291.033,199.857,0,0,98.6,98.5,94.6,94.6,75.7,0,0,52.4,0,0,52,20.9,51.4,52.3,53.5,50,0,28.6,0,52.4,37.5,75.8,76.4,56.4,0,47.1,0,0,48.6,335.9,133.8,169.6,70.9,76.3,46.1,48.1,0,54,48.7,0,52.6,13.7,0,10.6,0,1.1,2,1.8,0.8,2.2,3.9,1.2,18.1,66.5,0,1.1,2,0,0,26.2,17.5,14.3,17.5,14.3
20190128,29363,27557,1806,6.55,322.911,221.749,0,0,98.6,98.5,94.5,94.5,75.7,0,0,53,0,0,52,0,52.5,52.2,53.4,52.3,0,33.2,0,52.3,37.4,75.8,76.4,59.7,0,57,0,0,117.3,296.4,143.3,142.9,65.3,76.3,91.9,48.7,60,47.9,56.3,66.5,104.3,89.6,0,10.4,3.7,2.7,2,1.8,0.9,4.2,4.3,1.4,15.1,45.6,4.8,1,2.5,2.2,0,28.1,23.4,12.6,23.4,12.6
20190129,29690,27858,1832,6.58,331.844,227.883,0,0,98.7,98.6,94.6,94.5,75.6,0,0,53.1,0,0,52.1,53.8,52.5,52.3,53.4,52.4,0,32.9,1.7,51.9,37.2,75.8,76.1,59.7,0,57,0,0,109.4,259.3,139.3,147.5,64.7,91.7,91.8,48.6,60,52.8,55.1,66.5,102.2,84.2,0,10.8,3.8,1.5,2,1.8,0.8,4.2,3.8,1.3,24,52.3,0,1,3,2.3,0.2,27.1,24.3,17.2,24.3,17.2
20190130,29570,27760,1810,6.52,331.523,227.663,0,0,98.6,98.6,94.5,94.5,75.7,0,0,53.1,0,0,52.2,53.9,52.5,52.2,53.3,52.4,0,33.2,39.1,52.4,27.7,75.8,76.4,59.8,0,57,0,0,113.8,263.1,141.8,151.5,75.9,78.7,92,0,60,53.8,55.9,66.4,101.8,82.4,0,10.8,2.5,1.5,2.1,1.8,0.9,4.2,3.9,1.4,15.4,66.8,0,1,2.5,2.2,0,25.2,26.9,16.6,26.9,16.6
20190131,29071,27181,1890,6.95,326.577,224.266,0,0,98.7,98.7,94.4,94.6,75.7,0,0,53.1,0,0,52.3,53.8,52.4,52.2,53.4,51.9,0,33,41,42.2,26.6,75.6,76.4,59.8,0,57,0,0,108.6,277.3,139,106.4,72,89.5,43.6,46.1,60,46,53.3,67,99,83.9,0,10.7,3.3,1.5,2.1,1.8,0.8,0.9,3.2,1,20.5,30.4,0.5,1,2.5,1.8,0,25,27.8,15.0,27.8,15.0
20200101,28125,25335,2790,11.01,301.704,206.75,0,0,98.4,98.9,94.8,94.5,75.9,76.4,76,47.2,0,0,0,0,28,27.9,28.9,47.6,28.3,0,30.4,0,32.5,0,72.4,57.4,38,0,36.7,57.2,68.5,312.2,188.7,178.2,81.2,89.3,92,23.7,0,54.3,56.6,0,52.9,28.5,0.1,11.1,3.2,2.4,2.4,2.4,1.3,1.8,6.4,2.8,44,85.6,4,0.9,2.4,2.9,0,21.7,17.1,14.5,17.1,14.5
20200102,31303,28223,3080,10.91,330.461,226.457,0,0,98.4,98.9,94.8,94.4,75.9,76.4,76,42.7,0,0,0,0,28,27.9,29.1,51.5,28.3,0,30,0,32.6,0,72.4,60.1,60.2,0,36.8,57.2,115.5,287.7,185.6,179.8,81.2,92.3,92,23.9,41.9,54.1,56.3,0,53.1,30.1,0.1,11,0.9,1.3,2.4,2.4,1.1,1.7,3.4,1.6,50.7,48.5,3,0.8,2.1,3.1,0,22.9,25.8,16.4,25.8,16.4
20200103,31676,28292,3384,11.96,335.832,230.138,0,0,98.4,98.9,94.7,94.4,75.8,76.5,76,45.3,0,0,0,0,28,27.9,29.4,51.5,28.2,0,30,0,32.3,0,72.4,60.1,60.3,0,36.9,57.2,113.7,289.1,180.9,163.7,89,92.4,46.1,0,41.9,54,0,45.5,53.1,26.3,0,11.1,3.4,2.7,2.4,2.4,1.2,0.4,3,1.5,57.2,59.8,0.6,0.9,2,2.8,0,22.2,26.5,17.7,26.5,17.7
20200104,29219,25583,3636,14.21,312.093,213.87,0,0,98.4,98.9,94.7,94.4,75.9,76.4,76,47.6,0,0,0,0,27.9,28,28.6,47.7,28.3,0,30,0,32.5,0,72.4,58.4,58.4,0,36.8,57.1,70.3,291.6,171.4,153.4,95.3,92.4,46.1,49.8,0,0,55.8,1.1,48.5,30.2,0,10.4,2.9,3.5,2.2,2.2,1.2,0.3,2.8,1.3,32.4,82.8,2.5,0.9,2.1,2.1,0,21.6,26.9,16.0,26.9,16.0
20200105,27456,24761,2695,10.88,295.308,202.368,0,0,98.3,98.8,94.8,94.4,75.8,76.6,76,47.3,0,0,0,0,27.9,27.9,28.8,47.7,28.2,0,29.8,0,32.5,0,72.4,58,58,0,36.9,57.2,73.5,301.7,177.9,164.1,95.4,92.4,94.2,49.6,41.9,53.2,54.9,66.4,106,26.4,0,10.9,3.9,2.1,2.3,2.3,1,0.3,3.8,1.8,29.5,49.1,5,0.8,2.5,2.5,0,16,26.7,19.4,26.7,19.4
20200106,31653,28644,3009,10.51,332.374,227.768,0,0,98.3,98.8,94.7,94.4,75.8,76.1,76.2,47.4,0,0,0,0,27.9,27.9,28.8,47.5,28.2,0,30,0,32.4,0,71.5,60.2,60.3,0,36.9,57.2,130.2,307.8,203.4,153.4,95.4,92.3,92,49.5,64.7,53.3,55.8,68.6,106.2,26.4,0,11,2.8,1.8,2.3,2.3,1,0.9,2.6,1.4,25.4,47.2,0.5,0.9,0,3,0,20.3,27.7,17.7,27.7,17.7
20200107,32248,29144,3104,10.65,343.528,235.411,0,0,98.4,98.8,94.7,94.4,75.7,76.1,76.1,47.3,0,0,0,11.5,23.5,23.5,24.1,47.5,28.2,0,29.7,0,32.4,0,72.4,60.3,60.2,0,36.9,57.1,132.2,305.1,211.5,159.2,90,92.3,92,49.4,60.2,53.3,55.7,66.5,105.9,26.6,0,11.2,3,1.6,2.3,2.3,1,0.8,3.6,1.7,26.8,49.2,3,0.9,2.5,3.3,0,21.4,28.4,18.6,28.4,18.6
20200108,31779,28544,3235,11.33,340.649,233.438,0,0,98.4,98.9,94.8,94.4,75.8,76.1,76.2,47.3,0,0,0,0,25.9,24.5,28.6,47.5,33.2,0,28.8,0,32.8,0,72.4,60.1,60.3,0,36.9,57.1,128.3,283.5,206.1,153.8,95.5,91.1,91,49.1,64.8,53.1,55.4,68.7,105.5,26.6,0,11.1,3.6,2.1,2.4,2.3,1.1,0.8,3.3,1.6,14.9,31.8,3,0.9,2,1.8,0,21.6,22.0,16.5,22.0,16.5
20200109,31861,28730,3131,10.9,340.817,233.553,0,0,98.5,98.9,94.8,94.4,75.8,76.2,76.1,47.5,0,0,0,6.6,23.3,23.5,28.6,47.6,28.2,0,29.9,0,32.4,0,71.4,60.2,60.3,0,36.9,57.2,115.6,304.2,212.5,161.6,90.1,92.3,91,49.5,60,53.2,55.8,66.4,106,26.9,0,10.8,1.2,1.3,2.4,2.3,1.1,0.4,3.3,1.6,15.1,46.9,0.9,0.9,0.8,2.5,0,21.8,23.9,16.6,23.9,16.6
20200110,31774,28476,3298,11.58,341.671,234.138,0,0,98.4,98.9,94.8,94.5,75.8,76.1,76.1,47.5,0,0,0,30.6,23.3,23.5,0,42.8,23.2,0,29.9,0,32.4,0,71.4,60.2,60.2,0,36.8,57.1,132.2,304.2,223.7,171.1,90,81.3,44.1,0,60,50.1,0,66.4,49.5,26.8,0,11,0,1.2,2.4,2.3,1.2,0.3,3.4,1.5,14.9,46.6,2,0.9,2,3,0,21.7,27.7,18.3,27.7,18.3
20200111,29193,25342,3851,15.2,307.068,210.426,0,0,98.4,98.9,94.8,94.5,75.8,75.9,76.1,51.3,0,0,0,29.4,27.9,28.1,0,49.6,23.3,0,29.9,0,32.4,0,71.3,60.2,60.3,0,36.8,57.1,57.4,273.3,203.9,152.3,88.8,86.8,46.1,0,0,0,56.4,0,53.2,26.9,0,10.9,3.2,2.2,2.4,2.3,1.2,0.4,2.6,1.3,30,63.5,0.6,0.9,2.1,1,0,18.7,24.4,17.5,24.4,17.5
20200112,27933,24842,3091,12.44,295.525,202.516,0,0,98.4,98.9,94.9,94.5,75.8,76.1,76.1,51.3,0,0,0,29.4,28.3,28.2,0,49.6,23.2,0,30.1,0,32.7,0,72.4,57.9,57.5,0,36.8,57.2,57.3,291.6,204.1,178.3,95,92.3,92,49.5,64.7,53.2,55.4,66.4,105.8,27,0,10.7,3.3,1.8,2.8,2.7,0.9,0.3,2.3,1.2,36.9,54.3,2,0.9,2,2.1,0,22,18.8,14.4,18.8,14.4
20200113,31804,28647,3157,11.02,331.244,226.994,0,0,98.4,98.9,94.7,94.5,75.8,76.1,76.1,49.5,0,0,0,40.9,23.2,23.5,0,46.7,23.2,0,29.8,0,32.4,0,72.3,60.2,60.2,0,36.9,57.2,94.1,298.1,214.5,169,95.1,92.3,92,49.6,64.7,53.1,55.4,68.8,105.2,27,0,11,3.3,1.8,2.4,2.2,1.5,0.9,2.4,1.3,15.4,57.8,5,0.9,3.1,2.4,0,21.6,19.9,13.9,19.9,13.9
20200114,32213,28801,3412,11.85,341.229,233.835,0,0,98.4,98.9,94.7,94.5,75.9,76.1,76.1,49.1,0,0,0,41,23,23.5,0,43.7,26.2,0,30,0,32.4,0,71.6,60.2,60.2,0,36.9,57.1,87.5,318.2,202,176.7,95.5,92.3,92,49.1,64.8,52.2,54,68.6,101.2,27,0,10.8,3,1.8,2.3,2.2,1.1,0.8,3,1.1,25.3,45.7,2.1,0.9,2.4,2.5,0,21.2,21.4,15.8,21.4,15.8
20200115,31817,28431,3386,11.91,341.208,233.821,0,0,98.4,98.9,94.6,94.4,75.9,76.2,76.2,48.9,0,0,0,30.8,29.8,28.9,0,44.3,28.9,5.5,30,0,29.3,0,71.9,60.1,60,0,36.9,57.2,82.1,314.5,227.7,152.5,95.5,92.2,92,48.8,64.7,52.5,54.5,68.7,101.5,43.3,0,11.2,0.5,2.3,2.4,2.6,1.2,0.3,2.4,1.2,15.5,66,0.5,0.9,0,0,0,12,20.7,16.4,20.7,16.4
20200116,31719,28714,3005,10.47,343.606,235.464,0,0,98.3,98.8,94.7,94.4,75.9,76.2,76.1,51.4,0,0,0,43.9,21.5,23.4,0,45.9,23.3,28.2,0,0,32.5,0,71.2,60.1,60.2,0,36.8,57.2,79.2,308.2,215.8,162.6,95.4,92.2,92,49.4,64.8,52.5,54.2,68.6,100.9,57.9,0,11.4,3.3,2,2.2,2.1,0.7,0.5,0.3,0,18,54.2,2.5,0.9,0.5,0,0,12,24.3,17.3,24.3,17.3
20200117,31585,28186,3399,12.06,340.27,233.179,0,0,98.3,98.9,94.7,94.4,75.9,76.3,76.2,49.8,0,0,0,38.8,25.9,22.6,0,47.5,21.2,28.3,0,0,32.1,0,71.4,60.1,60.2,0,40.6,57.2,81.2,301.8,215.2,161.2,65.8,90.4,46.1,0,59.7,51.9,53.5,66.5,99.9,28.9,0,11.1,2.9,2.2,2.1,2.1,1.1,0.9,2.4,1.1,15.2,34.9,0.6,0.9,1,1.7,0,20.8,18.1,13.5,18.1,13.5
20200118,29228,26068,3160,12.12,318.19,218.048,0,0,98.3,98.8,94.8,94.5,75.9,76.3,21.8,47.8,0,0,0,43.9,23.3,23.2,0,47.5,21.2,28.2,0,0,32.4,0,71.2,60.1,60.2,0,36.9,57.2,53.2,325.4,213.2,160.3,66.7,92.3,46.1,49.5,0,0,0,0,52.9,29.2,0,10.7,3,4,4.1,3.9,2.4,0.9,2.3,1.1,14.7,43.3,0.6,0.9,2.1,0,0,21.1,15.7,13.0,15.7,13.0
20200119,28656,25322,3334,13.17,302.209,207.097,0,0,98.3,98.9,94.8,94.5,75.8,76.3,76.2,47.9,0,0,0,43.9,23.3,23.3,0,47.5,21.2,28.1,0,0,32.5,0,71.4,57.8,58,0,36.9,55.6,57.8,312.6,200.5,164,66,92.3,92,49.8,59.6,54.2,57.3,0,106.2,29.4,0,10.8,3.9,5.8,4.5,4.3,2.7,1,2.3,1.1,14.6,48.1,2.6,0.9,2.5,0,0,21.8,15.7,14.2,15.7,14.2
20200120,31153,27970,3183,11.38,329.944,226.102,0,0,98.4,99,94.7,94.5,75.8,76.1,76.1,47.6,0,0,0,49.4,24.2,24.1,0,45.6,23.3,28.2,0,0,32.5,0,69.7,60.1,60.3,0,36.8,57.2,68,284.5,217.7,160.5,70.5,92.3,92,49.5,59.7,46.8,56.3,66.5,92.2,29.4,0,11.2,3.6,5.9,4.2,4,2.5,0.9,0.9,0.6,30.4,31.3,0.5,0.9,0.4,0,0,21.5,19.7,13.7,19.7,13.7
20200121,30776,27517,3259,11.84,331.975,227.495,0,0,98.5,99,94.9,94.6,75.9,76.2,76.2,48,0,0,0,28.8,27.9,28.2,0,47.5,28.2,28,0,0,32.8,0,70.4,60.1,60.2,0,36.7,57.2,76.4,315,219.1,159.3,94.3,53.2,91.7,44.9,59.6,45.3,54.4,66.4,104.3,26.8,0,11.4,4.5,4.4,4.3,4,2,0.4,3,1.5,29.6,49.9,0.5,0.9,0.2,0,0,21.3,23.9,14.7,23.9,14.7
20200122,29635,25748,3887,15.09,315.934,216.502,0,0,98.5,99,94.8,94.5,75.9,76.2,76.2,43.1,0,0,0,51,23.5,24.2,0,42.7,23.2,28.1,0,0,32.7,0,70,60.2,60.2,0,36.7,57.1,89.3,323,215.5,144.8,95.2,50.5,92,49.1,64.7,53.2,55.6,68.6,105.9,26.8,0,11.5,3.3,4.9,4.4,4.2,2.4,0.4,3.1,1.5,30,45.9,0.6,0.9,0.5,0,0,22.3,28.3,15.6,28.3,15.6
20200123,26875,23531,3344,14.21,284.243,194.785,0,0,98.5,98.9,94.8,94.5,0,76.1,76,38,0,0,0,38.9,37.8,0,0,27.8,38,30.5,0,0,32.4,0,68.6,59.9,60.2,0,36.7,57.2,91.9,340.2,209.3,156.9,95.3,91.6,92,49.1,59.6,53.4,55.8,66.4,105.8,26.8,0,11.2,4.6,5.1,4.4,4.2,2.6,0.9,4.9,2.5,15.4,32.2,0.5,0.9,0.4,0,0,22.5,29.4,17.2,29.4,17.2
20200124,25026,21543,3483,16.17,262.177,179.663,0,0,98.4,98.9,94.9,94.6,10.5,76.1,76.1,23.3,0,0,0,23.8,22,0,0,0,23.2,24.4,0,0,25.6,0,69.9,0,57.5,0,35.3,57.2,63.6,351.5,199.7,162.3,95.6,79.5,45.9,0,59.7,0,55.3,66.5,52.6,26.9,0,11.2,3.3,3.4,4.4,4.2,2.5,0.9,4.2,2.1,28.9,49.5,3.1,0.9,0.5,0,0,22.2,27.4,19.2,27.4,19.2
20200125,24573,21022,3551,16.89,250.467,171.639,0,0,98.3,98.9,94.7,94.5,76,76.2,76.1,37.5,0,0,0,38.6,37.5,0,0,37.9,38,24.8,0,0,25.2,0,69.4,0,57.5,0,35.3,57.2,59.8,170.6,193,158.9,89,79.5,45.7,47.3,0,52,0,0,52.2,27,0,10.6,1.8,3.5,4.4,4.2,2.5,0.4,2.3,1.2,21.8,47,1,0.9,0.5,0,0,22.3,23.4,18.6,23.4,18.6
20200126,24702,21174,3528,16.66,253.13,173.464,0,0,98.4,98.9,94.8,94.5,75.7,76.1,76.1,47.9,0,0,0,38.6,38.1,0,0,47.6,38,30.8,0,0,32.9,0,69.6,0,57.4,0,35.3,57.2,56.4,225,190.1,143.2,87.1,66.4,92,49.3,59.8,43.2,55.4,66.6,105.1,27.4,0.2,10.6,3.5,3.7,4.4,4.2,2.4,0.4,2.8,1.7,15.7,44.4,0.5,0.9,0.5,0,0,21.3,19.3,15.7,19.3,15.7
20200127,25414,21710,3704,17.06,256.629,175.861,0,0,98.4,98.9,94.9,94.6,75.8,76.2,76.3,47.4,0,0,0,45.7,45,0,0,37.4,36.1,30.3,0,0,32.4,0,69.9,0,0,0,35.4,57.2,50.5,282.5,201.5,162.9,95.3,79.7,92,48.8,60,51.6,53.7,66.4,102.6,47.8,0.1,10.8,4.4,7.2,4.4,4.2,2.6,0.4,3.3,1.5,31,52,1.2,0.9,0.5,0,0,21.7,16.0,13.5,16.0,13.5
20200128,26470,22817,3653,16.01,267.262,183.148,0,0,98.4,98.9,94.9,94.6,75.8,76.2,76.2,50.8,0,0,0,40.6,40.1,0,0,37.9,41,30,0,0,32.5,0,69.5,0,0,0,35.3,57.2,54.4,329.1,211.7,157.4,90.5,35.7,92,49.1,64.8,51.8,53.9,68.6,102.1,27.6,0.1,10.9,0,5,4.3,4.2,2.5,0.4,3.3,1.7,30.2,54.7,2.3,0.9,1.6,0,0,21.1,15.4,11.6,15.4,11.6
20200129,27288,23984,3304,13.77,278.19,190.637,0,0,85.5,98.9,94.9,94.6,75.8,76.3,76.3,47.7,0,0,0,48.6,28.3,0,0,47.5,38.1,30.1,0,0,32.5,0,68.4,0,0,0,35.3,57.2,53.9,363.9,202.4,162.6,92.3,84,91.1,44.8,60.5,52.3,53.7,66.4,101.7,27.6,0.1,11.2,3.9,3.9,4.1,3.9,2.2,0.9,3,1.6,14.6,39.9,0.6,0.9,0.6,0,0,21.2,13.0,10.0,13.0,10.0
20200130,29314,26323,2991,11.36,308.448,211.371,0,0,98.3,98.9,94.8,94.5,75.8,76.2,76.2,42.9,0,0,0,48.6,28.2,0,21.4,42.7,23.2,30,0,0,32.5,0,67.6,0,60.2,0,39.9,57.2,69.8,353.6,208.9,165.7,65.9,90.9,45.9,0,64.1,52.4,0,68.4,103.1,14.3,0,10.8,3,3.2,4.3,4.1,2.5,0.9,4.6,2.1,46.7,68,0.6,0.9,0.5,0,0,20.2,17.3,8.8,17.3,8.8
20200131,30075,26714,3361,12.58,320.442,219.591,0,0,98.4,98.9,94.8,94.4,75.9,76.2,76.2,43,0,0,0,53.7,23.3,0,21.8,41.7,23.2,30.6,0,0,32.4,0,66.6,0,60.1,0,36.7,57.2,73.1,356.6,234.9,163.1,65.7,92.3,45.9,48.4,0,51.4,0,68.6,24.8,14.2,0,10.9,3.9,5.2,4.5,4.2,2.6,0.4,6.5,1.9,53.7,88.1,1.9,0.9,0.5,0,0,20.3,17.6,7.1,17.6,7.1
20210101,28487,25720,2767,10.76,311.468,212.061,0,0,98.4,0.0,94.8,94.6,76.0,0.0,76.1,0.0,47.5,0.0,46.9,0.0,48.2,43.0,43.5,42.6,0.0,0.0,23.1,25.4,0.0,76.0,76.2,0.0,0.0,0.0,45.6,57.6,80.9,353.8,335.8,170.8,114.6,98.4,45.9,48.9,0.0,0.0,0.0,0.0,53.5,26.3,0.0,11.5,3.1,2.9,2.3,2.3,0.0,0.0,0.6,0.0,50.4,65.6,5.8,1.5,2.4,2.5,0.0,14.9,15.9,11.0,15.9,11.0
20210102,28421,25485,2936,11.52,304.952,207.625,0,0,98.4,0.0,94.8,94.6,75.8,0.0,76.0,0.0,42.5,0.0,42.2,0.0,38.4,33.4,34.3,37.7,0.0,0.0,23.2,25.9,0.0,76.0,76.2,0.0,0.0,0.0,45.5,57.6,89.5,350.5,332.5,152.6,114.6,98.3,43.9,46.9,0.0,0.0,27.6,0.0,53.3,26.9,0.0,11.5,3.1,2.5,2.9,2.8,0.0,0.0,0.6,0.0,44.1,71.5,5.5,1.4,3.0,3.0,0.0,18.5,15.9,12.7,15.9,12.7
20210103,28513,25476,3037,11.92,299.771,204.098,0,0,98.4,0.0,94.8,94.6,75.9,0.0,76.1,11.8,32.8,0.0,33.2,0.0,33.4,33.3,34.4,31.1,0.0,0.0,23.1,25.9,0.0,75.9,76.1,0.0,0.0,0.0,42.4,57.6,78.9,357.9,288.3,161.3,99.8,94.4,45.9,48.9,60.0,53.0,0.0,0.0,53.2,27.1,0.0,11.5,2.9,2.4,2.9,2.8,0.0,0.0,0.8,0.0,49.3,65.0,5.1,1.4,3.6,0.0,0.0,12.3,22.0,14.6,22.0,14.6
20210104,32766,29734,3032,10.2,342.273,233.036,0,0,98.3,0.3,94.5,94.5,75.9,0.0,76.1,31.3,47.0,0.0,46.9,0.0,48.3,42.7,48.5,11.7,0.0,0.0,30.1,33.6,0.0,75.9,76.2,0.0,55.9,0.0,45.6,57.6,95.1,342.4,331.8,171.2,114.5,98.4,92.0,48.8,62.7,53.0,27.3,68.9,105.5,26.8,0.0,12.0,3.0,3.0,2.9,2.8,0.0,1.9,3.0,1.1,46.2,64.6,5.0,1.4,3.0,2.5,0.0,14.9,21.1,16.0,21.1,16.0
20210105,33117,30050,3067,10.21,353.795,240.88,0,0,98.4,36.1,94.4,94.5,75.9,0.0,76.1,48.0,46.9,0.0,47.6,0.0,45.2,47.5,48.4,39.6,0.0,0.0,30.4,25.3,0.0,75.9,76.2,0.0,60.3,0.0,57.0,57.5,96.5,284.2,337.5,157.0,101.9,98.3,92.0,48.8,64.7,53.1,27.6,68.9,105.5,34.0,0.3,11.6,2.9,1.7,1.8,1.8,0.0,2.0,2.8,1.0,31.6,48.4,5.8,1.4,3.0,2.5,0.0,21.8,18.2,14.9,18.2,14.9
20210106,33429,30327,3102,10.23,357.158,243.17,0,0,98.5,66.3,94.7,94.5,75.8,0.0,75.9,47.7,47.1,0.0,47.1,0.0,43.0,43.0,44.2,47.3,0.0,0.0,30.8,33.5,0.0,76.1,76.2,0.0,60.3,0.0,45.5,57.5,99.2,351.0,315.4,153.1,80.7,98.3,92.0,48.6,64.7,53.4,27.7,68.9,105.4,42.0,0.0,11.6,3.0,1.2,1.8,2.0,0.0,1.9,2.4,0.9,24.9,45.7,5.1,1.4,2.5,2.7,0.0,23.8,16.2,14.0,16.2,14.0
20210107,33602,30500,3102,10.17,360.578,245.498,0,0,98.4,67.5,94.7,94.6,75.9,0.0,76.0,43.0,47.1,0.0,43.9,0.0,47.9,47.5,48.6,45.4,0.0,0.0,31.1,32.5,0.0,75.9,76.2,0.0,60.2,0.0,57.0,57.5,90.4,351.1,326.3,158.8,85.4,92.3,92.0,48.7,64.7,54.1,28.0,68.6,106.2,28.4,0.0,11.6,3.0,1.1,1.8,1.8,0.0,2.0,3.3,1.0,29.0,40.5,5.0,1.3,3.5,3.0,0.0,22.8,14.1,9.6,14.1,9.6
20210108,33518,30412,3106,10.21,364.834,248.395,0,0,98.3,88.5,94.8,94.6,75.8,0.0,76.0,38.0,48.1,0.0,47.0,0.0,47.9,47.1,48.6,45.3,0.0,0.0,24.6,34.0,0.0,75.9,76.3,0.0,60.1,0.0,57.0,57.6,92.9,354.8,328.9,161.7,73.8,95.8,92.0,48.9,64.8,54.0,28.5,69.0,105.4,27.0,0.0,12.4,3.0,1.1,1.8,1.8,0.0,1.9,2.2,0.9,29.0,30.1,5.7,1.3,3.0,1.8,0.0,24.1,9.6,7.3,9.6,7.3
20210109,31269,28068,3201,11.41,342.185,232.976,0,0,98.3,97.2,94.8,94.7,76.0,0.0,76.2,44.2,51.1,0.0,47.2,0.0,47.4,47.4,43.9,47.3,0.0,0.0,0.0,33.1,0.0,75.9,76.1,0.0,60.1,0.0,57.1,57.4,87.2,339.9,324.4,171.4,79.1,35.7,46.1,48.8,0.0,0.0,28.4,65.5,105.6,27.4,0.0,12.5,0.0,1.4,1.8,1.8,0.0,0.0,3.2,1.0,38.3,52.7,4.0,1.3,3.0,0.0,0.0,17.5,10.7,8.3,10.7,8.3
20210110,30161,27255,2906,10.66,320.948,218.516,0,0,98.1,98.9,95.0,94.7,76.0,0.0,76.2,43.1,47.7,0.0,47.2,0.0,47.9,47.5,48.7,42.4,0.0,0.0,0.0,32.6,0.0,76.1,76.4,0.0,58.8,0.0,57.1,57.4,79.7,338.8,335.7,166.5,80.8,43.4,46.1,0.0,0.0,53.8,28.0,0.0,52.3,28.7,0.0,12.6,3.9,3.3,2.5,2.4,0.0,0.0,2.8,0.8,61.1,79.4,5.8,1.3,3.0,0.0,0.0,17.3,16.1,10.1,16.1,10.1
20210111,33772,30679,3093,10.08,359.358,244.667,0,0,98.4,84.6,95.0,94.6,76.0,0.0,76.2,45.3,48.6,0.0,47.2,0.0,46.4,44.5,44.0,47.4,0.0,28.7,0.0,32.3,0.0,76.0,76.2,0.0,60.2,0.0,57.1,57.3,90.2,359.1,325.7,155.1,86.6,98.4,89.4,48.8,41.8,54.4,28.4,68.9,105.9,29.3,0.0,12.6,3.0,1.9,2.4,2.4,0.0,2.0,3.2,1.0,49.2,64.2,0.7,1.3,1.4,2.5,0.0,23.0,13.0,9.5,13.0,9.5
20210112,33749,30633,3116,10.17,366.614,249.607,0,0,98.4,98.4,95.0,94.6,76.0,0.0,76.3,45.8,47.2,0.0,47.4,0.0,43.2,44.6,48.6,47.4,0.0,30.7,0.0,32.9,0.0,76.1,76.4,0.0,60.3,0.0,55.3,54.4,96.4,357.8,319.0,155.9,86.7,98.3,89.4,48.5,41.8,54.3,28.2,66.4,106.2,37.9,0.0,13.2,3.0,2.5,2.2,2.2,0.0,1.9,4.0,1.2,37.7,63.9,5.8,1.5,3.0,0.0,0.0,21.4,13.7,8.7,13.7,8.7
20210113,33108,29994,3114,10.38,361.441,246.085,0,0,98.5,98.9,95.0,94.7,76.0,0.0,76.1,42.9,44.9,0.0,46.7,0.0,47.8,47.5,48.6,45.4,0.0,23.0,0.0,25.2,0.0,76.1,76.4,0.0,60.1,0.0,57.1,54.5,88.9,360.3,323.1,145.9,96.0,88.5,89.4,48.8,44.4,53.5,27.7,68.9,103.4,38.2,0.1,13.0,3.0,2.6,1.9,2.0,0.0,2.0,3.5,1.1,29.0,62.3,5.0,1.5,3.0,3.6,0.0,17.2,20.4,6.8,20.4,6.8
20210114,33153,30021,3132,10.43,358.668,244.198,0,0,98.4,98.9,94.9,94.6,76.1,0.0,76.3,42.2,42.9,0.0,45.6,0.0,47.7,47.6,48.3,47.2,0.0,30.7,0.0,32.5,0.0,76.1,76.3,0.0,60.1,0.0,57.0,57.4,91.9,293.7,324.2,146.2,110.5,98.3,89.4,49.6,41.9,53.3,27.6,68.9,106.1,73.1,0.0,13.0,0.0,2.2,1.7,1.7,0.0,1.8,4.0,1.4,33.9,48.1,0.0,1.4,3.1,2.5,0.0,22.7,21.9,9.3,21.9,9.3
20210115,32864,29555,3309,11.2,355.322,241.92,0,0,98.4,98.8,95.0,94.7,75.9,0.0,76.1,42.7,41.6,0.0,43.4,0.0,47.9,47.0,48.6,47.4,0.0,30.9,0.0,33.4,0.0,76.0,76.2,0.0,60.3,0.0,57.2,57.4,100.6,285.9,313.8,140.9,108.6,81.6,89.4,49.3,41.9,53.2,27.5,66.4,105.8,56.0,0.0,13.0,3.0,1.4,2.0,2.0,0.0,2.0,2.7,0.8,28.9,48.1,5.8,1.4,1.3,3.6,0.0,20.7,23.5,11.1,23.5,11.1
20210116,30167,27121,3046,11.23,331.785,225.894,0,0,98.4,98.9,94.9,94.8,75.9,0.0,75.9,38.0,47.1,0.0,47.2,0.0,47.8,47.1,48.6,47.4,0.0,31.0,0.0,33.4,0.0,76.1,76.2,0.0,60.2,0.0,47.4,57.3,80.0,273.3,302.9,142.6,95.9,84.1,0.0,48.9,41.9,0.0,0.0,66.3,78.6,26.9,0.0,13.0,3.0,1.3,1.9,1.8,0.0,0.0,3.2,1.0,28.2,47.1,4.0,1.3,3.1,1.8,0.0,17.9,22.5,14.3,22.5,14.3
20210117,29746,26712,3034,11.36,314.254,213.959,0,0,98.4,98.9,94.9,94.8,76.1,0.0,76.2,42.5,42.4,0.0,40.3,0.0,41.5,39.6,41.3,38.5,0.0,29.9,0.0,33.7,0.0,76.1,76.4,0.0,58.9,0.0,47.4,57.2,71.6,295.7,308.5,167.3,86.2,36.1,0.0,49.7,0.0,0.0,0.0,65.6,106.1,26.8,0.0,12.5,3.1,1.4,1.8,1.9,0.0,0.0,3.2,1.0,47.7,66.2,2.2,1.3,3.0,0.0,0.0,17.8,14.9,12.2,14.9,12.2
20210118,33095,29938,3157,10.55,347.884,236.856,0,0,98.4,98.9,94.8,94.7,76.0,0.0,76.2,42.7,47.1,0.0,42.3,0.0,48.3,42.9,48.8,45.4,0.0,30.8,0.0,32.4,0.0,76.1,75.2,0.0,60.2,0.0,57.0,57.3,92.8,282.9,302.9,160.6,97.0,98.5,92.0,49.4,41.9,53.6,27.5,66.5,106.3,42.1,0.0,12.5,3.2,2.0,2.2,2.2,0.0,1.8,3.5,1.1,31.3,66.0,5.0,1.2,3.0,1.8,0.0,22.3,16.4,12.8,16.4,12.8
20210119,33148,29990,3158,10.53,355.672,242.158,0,0,98.5,98.9,94.8,94.6,76.0,0.0,76.1,42.6,47.0,0.0,46.8,0.0,46.3,43.0,53.2,45.3,0.0,30.2,0.0,32.6,0.0,76.1,76.3,0.0,60.2,42.6,52.2,55.4,94.2,295.7,302.7,159.8,86.6,98.4,92.0,49.3,41.9,53.1,27.1,68.9,105.7,27.3,0.2,12.5,2.8,1.6,2.0,2.0,0.0,1.9,3.3,1.1,42.1,66.5,4.0,1.2,2.0,0.9,0.0,22.6,20.9,13.8,20.9,13.8
20210120,33134,29984,3150,10.5,356.127,242.467,0,0,98.5,98.9,94.7,94.7,75.7,0.0,75.9,42.6,49.1,0.0,47.0,0.0,43.2,49.5,48.3,44.5,0.0,30.7,0.0,32.5,0.0,75.9,76.1,0.0,60.2,37.6,56.9,0.0,100.3,307.2,300.8,149.1,97.1,98.4,92.0,48.7,41.9,53.2,27.3,68.9,105.2,64.8,0.7,13.7,3.1,1.8,2.1,2.2,0.0,1.8,3.2,1.0,47.4,61.8,4.0,1.2,1.7,0.0,0.0,22.1,24.4,17.4,24.4,17.4
20210121,33359,30285,3074,10.15,355.762,242.219,0,0,98.4,98.9,94.8,94.7,75.8,0.0,76.0,42.8,48.7,0.0,47.3,0.0,48.2,42.6,48.5,47.5,0.0,31.1,0.0,32.5,0.0,75.8,75.9,0.0,60.3,57.1,56.9,0.0,93.1,298.9,299.7,164.2,89.0,98.4,92.0,48.3,42.0,52.8,26.9,68.9,103.9,55.4,0.0,11.6,3.4,2.6,2.4,2.5,0.0,1.9,4.1,1.4,42.8,65.0,5.8,1.2,2.0,4.0,0.0,22.9,29.8,19.5,29.8,19.5
20210122,33192,30095,3097,10.29,358.199,243.879,0,0,98.5,99.0,94.8,94.7,75.8,0.0,75.9,42.9,47.7,0.0,47.2,0.0,48.1,37.9,49.3,47.7,0.0,28.1,0.0,29.7,0.0,76.0,76.2,0.0,60.3,47.4,56.9,0.0,89.2,319.1,297.2,152.0,87.0,98.3,92.0,47.9,44.5,51.8,26.7,68.5,102.1,80.5,0.0,11.6,3.1,1.9,2.3,2.4,0.0,1.8,3.5,1.4,29.5,57.9,5.0,1.2,2.0,4.0,0.0,22.5,25.7,20.6,25.7,20.6
20210123,30421,27218,3203,11.77,332.548,226.414,0,0,98.4,98.9,94.8,94.7,75.9,0.0,76.0,42.9,50.5,0.0,51.5,33.8,52.5,50.4,0.0,21.6,0.0,23.0,0.0,23.2,0.0,75.7,76.0,0.0,60.1,57.1,56.9,0.0,80.7,308.3,285.5,147.6,94.9,80.5,45.9,0.0,41.9,0.0,26.7,68.9,88.4,39.5,0.0,11.6,3.0,1.8,2.1,2.0,0.0,0.0,2.7,0.9,28.9,48.9,3.0,1.2,2.0,4.0,0.0,21.2,22.7,19.0,22.7,19.0
20210124,28790,25717,3073,11.95,307.458,209.331,0,0,89.6,98.8,94.8,94.7,75.9,0.0,76.1,42.2,47.1,0.0,46.7,43.6,43.2,40.7,0.0,42.8,0.0,23.9,0.0,23.4,0.0,75.9,76.2,0.0,56.6,52.2,56.9,0.0,103.5,291.2,294.9,153.0,83.7,36.3,0.0,39.1,0.0,44.8,0.0,0.0,88.9,27.3,0.0,13.5,1.2,1.3,2.0,2.0,0.0,0.0,4.5,1.5,28.9,63.7,5.8,1.2,2.2,4.0,0.0,18.9,19.5,16.7,19.5,16.7
20210125,33063,29794,3269,10.97,341.766,232.69,0,0,98.5,98.9,95.0,94.7,75.9,0.0,76.1,42.7,42.6,0.0,44.8,52.0,52.9,43.0,0.0,47.6,0.0,23.5,0.0,23.3,0.0,76.1,76.2,0.0,60.1,49.7,56.9,0.0,149.9,317.5,333.2,159.9,84.0,21.8,92.0,49.5,59.7,53.4,0.0,66.5,103.5,27.0,0.0,10.9,2.2,2.3,2.2,2.3,0.4,1.9,4.4,1.5,43.2,49.9,5.8,1.2,2.0,4.0,0.0,21.5,22.9,16.5,22.9,16.5
20210126,33152,29933,3219,10.75,351.528,239.336,0,0,98.5,98.9,94.6,94.6,75.8,0.0,75.8,42.8,42.8,0.0,46.9,48.9,47.9,47.6,0.0,47.5,0.0,23.1,0.0,23.2,0.0,76.2,76.2,0.0,60.1,56.9,56.9,0.0,146.8,316.7,331.9,149.4,83.8,39.5,94.0,49.1,59.7,53.2,0.0,68.6,104.4,27.2,3.7,10.1,3.2,2.4,2.4,2.5,1.1,1.8,4.5,1.5,25.4,64.0,5.8,1.2,3.0,3.2,0.0,21.4,23.4,15.0,23.4,15.0
20210127,32652,29588,3064,10.36,349.069,237.663,0,0,98.5,98.9,94.6,94.6,76.0,0.0,76.1,47.2,41.2,0.0,45.5,46.8,47.4,47.2,0.0,47.6,0.0,23.3,0.0,23.4,0.0,75.9,76.0,0.0,0.4,57.0,56.9,0.0,146.0,310.9,337.2,150.9,87.0,53.3,92.0,45.7,64.3,53.4,0.0,68.6,104.1,35.8,0.0,15.9,0.0,1.4,2.2,2.0,0.8,1.8,4.6,1.6,28.9,65.5,1.7,1.1,1.1,4.0,0.0,20.5,19.7,17.2,19.7,17.2
20210128,32843,29557,3286,11.12,350.657,238.744,0,0,98.4,98.8,94.8,94.8,75.8,0.0,76.1,41.9,41.2,0.0,42.0,47.5,46.7,42.4,0.0,48.0,0.0,23.4,0.0,23.4,0.0,76.1,76.2,60.0,60.1,47.1,47.1,0.0,144.3,278.6,337.2,138.4,83.7,25.0,88.4,49.8,59.6,53.5,0.0,66.3,104.6,27.2,1.4,11.7,2.9,1.5,2.0,2.0,0.8,1.8,4.4,1.5,28.9,52.1,5.8,1.1,2.0,4.0,0.0,20.6,18.2,13.6,18.2,13.6
20210129,32472,29269,3203,10.94,348.035,236.958,0,0,98.4,98.9,95.0,94.8,76.1,0.0,76.2,39.0,38.1,0.0,46.9,48.8,47.9,42.6,0.0,42.7,0.0,23.7,0.0,24.2,0.0,76.1,76.2,60.3,60.3,47.1,47.2,0.0,87.8,300.8,342.8,146.6,58.8,46.4,92.0,48.5,59.7,53.6,0.0,68.9,105.7,27.5,0.0,11.5,2.9,2.2,2.3,2.4,0.8,1.8,4.8,1.6,29.4,48.8,5.8,1.1,3.2,4.0,0.0,18.2,16.6,14.5,16.6,14.5
20210130,30109,26662,3447,12.93,325.481,221.602,0,0,98.4,98.9,95.0,94.7,75.9,0.0,76.0,34.6,34.4,0.0,33.2,35.8,35.1,33.2,0.0,32.9,0.0,23.2,0.0,25.2,0.0,76.1,76.3,60.4,60.3,37.4,37.7,0.0,88.4,303.0,354.2,132.0,53.3,21.7,46.1,48.7,60.1,53.7,0.0,66.5,53.4,27.6,0.0,11.5,2.8,1.2,2.4,2.4,1.4,0.3,4.6,1.5,29.3,66.6,0.5,1.1,1.3,3.4,0.0,19.6,22.2,14.6,22.2,14.6
20210131,28364,25458,2906,11.41,304.697,207.451,0,0,98.3,98.9,94.8,94.7,75.8,0.0,76.0,43.5,47.2,0.0,42.4,47.3,47.0,42.6,0.0,47.5,0.0,24.3,0.0,25.2,0.0,76.2,76.4,58.7,57.8,37.4,37.7,0.0,74.3,270.2,356.7,124.4,65.4,43.4,0.0,49.2,0.0,48.8,0.0,0.0,48.9,28.4,0.0,11.5,0.0,1.8,2.4,2.4,1.0,0.3,4.9,1.7,31.6,76.1,3.0,1.1,3.0,2.0,0.0,18.5,24.3,14.3,24.3,14.3
20190301,27060,24689,2371,9.6,299.202,201.362,0,0,76.9,98.1,94.4,94.6,75.8,0,0,53.4,0,0,52.3,53.3,0,51.6,52.4,49.5,52.9,33.2,47.9,25,0,75.8,76.4,59.8,60.2,56.8,0,57.1,56.6,252.7,135.6,145.6,75.3,91.2,45.9,0,60,0,0,0,102.9,26.6,0,10.4,3.3,4.2,3.9,3.2,2.2,0.3,3.2,1,14.7,67.5,1.9,0.8,2,0,0,20.7,22.5,17.6,22.5,17.6
20190302,26567,24734,1833,7.41,296.127,199.292,0,0,96.7,74.5,94.4,94.5,75.6,0,0,53,0,0,52.3,53.3,0,51.8,53.6,49.6,52.8,32.9,47.8,25.1,0,75.8,76.4,59.8,60.2,56.8,0,47.9,35.6,221,141,151,85.7,91.6,45.9,22.7,0,52.7,0,0,99.7,26.5,0,10.4,5.2,4.6,4.9,4.3,2.6,0.3,5.1,1,20.4,93.7,2.9,0.8,3,0,0,19.8,27.8,19.1,27.8,19.1
20190303,26326,24102,2224,9.23,288.39,194.085,0,0,98.4,98.4,94.4,94.6,75.6,0,0,53.3,0,0,52,53.3,0,51.6,37.1,48,52.8,33.2,47.7,24.9,0,75.7,76.3,55.5,56.5,56.8,0,0,37.3,264.4,131.4,146.3,86.4,61.2,45.9,6.2,0,52.7,55.3,0,101,27.1,0,11,3.1,3.8,3.7,3.1,1.9,0.4,2.8,0.8,25.4,50.9,2.9,0.8,3,1.8,0,17,21.4,16.7,21.4,16.7
20190304,29583,27688,1895,6.84,322.631,217.129,0,0,98.5,98.3,94.3,94.5,75.7,0,59.8,52.8,0,0,52,53.2,0,51.6,53.5,49.6,52.8,33.2,42.2,25,0,76.1,76.4,59.7,60.3,56.7,0,0,78.4,253.7,131.1,135.7,76.2,38.1,92,49,60,52.9,55.3,66.5,102.5,101.3,0,10.8,3.6,5.9,3.7,3.1,2,0.8,4.3,1,14.6,44.4,0.5,0.8,1.3,1.8,0,11.6,22.2,17.0,22.2,17.0
20190305,30195,28241,1954,6.92,336.545,226.494,0,0,98.5,98.3,94.2,94.5,75.8,0,59.8,52.8,0,0,52.2,53.1,0,51.7,51.7,50.3,53.1,40,37.9,25,0,75.8,76.4,60.2,60.2,56.8,0,0,75.9,278.6,143.4,139.3,78.6,82.7,80.5,46.7,60,45.9,46.6,66.5,97.2,103.2,0,10.8,0,6.3,3.8,3.1,2,0.3,5.5,1.6,14.8,31.4,0.5,0.8,0.6,0,0,13,26.9,16.4,26.9,16.4
20190306,29954,28032,1922,6.86,337.025,226.816,0,0,98.5,98.3,94.4,94.6,75.6,0,59.8,52.8,0,0,52.2,53.2,0,51.7,53.4,49.1,53.1,40,38,24.9,0,75.9,76.4,59.7,60.3,56.7,0,0,73.5,266.9,148.5,138.7,59.9,91.6,82,44.9,60,44.9,46.1,66.5,92.4,101.5,0,11.6,3.2,2.8,3.2,2.6,1.7,0.8,2.4,0.8,15,49.2,2.6,0.8,2.8,0,0,12.5,21.1,15.0,21.1,15.0
20190307,30015,28147,1868,6.64,336.383,226.384,0,0,98.5,98.4,94.5,94.6,75.6,0,56.2,52.7,0,0,52,53.2,0,51.7,53.4,49.3,52.9,40,37.9,25,0,76.1,76.5,60,60.3,56.7,0,0,71.9,229.1,142.5,138,54.3,91.6,92,49.6,59.9,54,57.6,66.3,106.1,100.2,0,10.7,0,0,1.1,1.6,0.7,0.5,1.6,0.4,14.5,48.7,5.8,2.9,9.4,4,0,13,15.4,12.1,15.4,12.1
20190308,29767,27951,1816,6.5,335.859,226.032,0,0,98.5,98.3,94.5,94.6,75.8,0,0,52.8,0,0,51.9,53.1,0,52,53.2,49.2,19.3,46.7,47.8,25,0,75.9,76.6,59.9,60.3,56.7,0,0,70.2,290.7,144,140.7,60.9,90.6,90.9,48.6,60,53.5,56.1,66.4,104.6,97.9,0,11.5,0,0,3.3,2.9,2.2,2.1,0.9,0,16.4,48.9,4,2.9,3.5,4,0,14.2,17.9,12.4,17.9,12.4
20190309,28061,25870,2191,8.47,314.352,211.558,0,0,98.2,98.4,94.3,94.5,75.7,0,0,53.4,0,0,52,53.3,0,52,53.2,49.6,52.9,39.8,38.8,25,0,75.8,76.4,59.6,60.3,56.7,0,0,48.5,247.1,144.9,134,65.6,90.6,0,48.6,60,52.9,55.5,66.4,102,27.1,0,5.9,0,0,13,13.5,9.7,2.2,1,0,24.6,48.9,5.8,3.1,8.7,4,0,13.5,19.5,16.4,19.5,16.4
20190310,26624,24801,1823,7.35,295.376,198.787,0,0,98.4,98.3,94.4,94.5,75.7,0,0,53,0,0,52,53.3,0,52,53.2,49.3,52.8,40,47.7,24.9,0,75.6,76.4,56.4,55.7,56.7,0,0,45.8,287.9,144.4,152.3,69.8,90.6,40.9,44.8,0,46.8,48.8,0,46.8,27.1,0,11,0,0,5.5,6.3,4.5,1.8,1.6,0.4,17.6,52.8,5.9,2.8,8.8,4,0,19.2,19.5,15.7,19.5,15.7
20190311,29524,27730,1794,6.47,326.54,219.761,0,0,98.4,98.3,94.4,94.5,75.6,0,79.7,53.2,0,0,51.5,53.3,0,52.1,53.2,49.5,52.9,33,37.8,24.9,0,75.8,39.1,59.7,60.3,56.9,0,0,69.7,245.2,147.1,149.5,69.8,91.6,92,49,59.9,53.1,55.4,67.7,104.9,58.9,0,11.2,0,0,4.8,3.9,3.3,2.4,1.5,0.4,28.3,51.4,3.8,2.8,7.3,4,0,15.3,18.1,15.8,18.1,15.8
20190312,29815,27936,1879,6.73,334.596,225.182,0,0,98.5,98.3,94.4,94.5,75.6,0,79.7,52.8,0,0,52,53.3,22.5,52,53.2,49.9,52.9,33,38.1,24.9,0,75.8,76.4,59.6,60.2,56.8,0,31.7,72.2,239.4,135.3,149.7,57.5,84.1,88,47.8,60,49,51.3,66.5,91,57.3,0,10.9,0,0,2.4,2.4,1.5,4.1,1.4,0.3,14.7,51.8,5.6,2.9,4.2,4,0,14.3,27.8,13.7,27.8,13.7
20190313,30068,28145,1923,6.83,337.439,227.096,0,0,98.5,98.3,94.3,94.5,75.7,0,79.7,52.7,0,0,51.9,53.3,52.1,52.1,53.1,50.3,52.9,39.9,31.1,25.2,0,75.6,76.1,59.9,60.3,45.6,0,57.1,70.8,231.3,144.1,138.8,59.2,48.7,89.3,46.8,60.2,52.1,54.5,66.6,102.7,59.3,0,10.6,0,0,2.9,3.1,2,4.1,1.9,0.6,14.5,56.3,5.8,2.4,3.5,4,0,16,25.4,16.3,25.4,16.3
20190314,30197,28417,1780,6.26,338.919,228.092,0,0,98.3,98.2,94.3,94.5,75.7,0,74.6,53.3,0,0,51.9,53.4,0,52,53.2,50.6,52.9,47.9,47.8,29.6,0,75.8,76.3,60.2,60.2,56.8,0,57.2,64.5,252.3,144.8,134.3,58.5,48.8,90.5,48.1,60.2,51.5,53.6,68.8,100.6,59.6,0,11.2,0,0,3,3,1.9,4.1,2.1,0.4,14.8,53.2,5.8,2,3.3,4,0,15.5,25.5,17.9,25.5,17.9
20190315,29685,27757,1928,6.95,335.598,225.857,0,0,98.2,97.9,94.4,94.5,75.9,0,75.8,53.4,0,0,51.9,53.3,0,52,53.2,50.2,52.8,40,34.9,24.9,0,75.8,76.4,59.7,60.4,56.8,0,57.1,63.7,208.6,139.5,144.8,79.7,16.7,90.6,48.7,60.2,53,53.3,66.5,101.9,60.5,0,11.2,0,0,3.1,3,1.9,4.6,1.4,0.3,14.1,48.1,4.7,2.1,3.3,4,0,24.2,20.5,15.3,20.5,15.3
20190316,27836,25318,2518,9.95,309.487,208.283,0,0,98.5,98.3,94.4,94.6,75.9,0,8.8,52.4,0.6,0,51.8,53.4,7.1,52,53,51.1,52.9,40,39.8,29.5,0,75.8,76.4,59.9,60.2,56.8,0,57.1,41.9,234.5,138.1,150.8,60.2,66.3,46.1,48.1,60.2,52.4,0,68.6,52.3,26.9,0,10.7,0,1.2,3.4,3.3,2.1,1.7,2,0.6,14.8,50.3,5.4,2,3,2.9,0,14.1,20.2,18.2,20.2,18.2
20190317,26971,24681,2290,9.28,291.782,196.368,0,0,98.5,98.3,94.3,94.5,75.9,0,0,52.3,0,0,51.8,53.5,51.7,51.6,53.3,50.7,52.9,40,40,24.8,0,75.8,76.4,56,56.9,56.8,0,57.1,41.3,235.7,133,137.5,69.7,71,0,48.4,0,52.6,54.8,0,50.5,26.9,0,10.4,3.3,2.4,3.6,3.4,2.2,1.4,1.9,0.4,14.7,51.9,3.8,1.9,3,3.3,0,18.3,23.5,17.3,23.5,17.3
20190318,30093,28338,1755,6.19,331.873,223.349,0,0,98.4,98.2,94.3,94.6,75.8,0,0,51.4,28.8,0,51.8,53.3,52.3,51.8,53.4,50.4,52.9,43.9,46.8,27.7,0,75.8,76.3,59.9,60.2,56.8,0,57.1,63.6,233.8,140.7,145.8,75.4,39.7,92,48.2,60.2,52.5,54.7,66.4,101.6,81.7,0,10.3,4,4.9,3.1,2.9,1.8,2.8,1.8,0.5,17.2,58.9,2.9,1.7,3,3.9,0,18.2,26.3,18.7,26.3,18.7
20190319,30687,28882,1805,6.25,345.332,232.408,0,0,98.4,98.2,94.3,94.5,75.8,0,0,52.5,30.2,0,51.9,53.4,52.3,51.7,53.4,49.9,52.8,40,33,27.7,0,75.8,76.3,60,60.2,56.7,0,57.2,66.2,214.9,137.6,153.2,82.7,39.5,93.1,47.3,60.2,51.9,53.5,68.5,98.2,91.5,0,10.4,0,2,3.1,2.6,1.8,2.5,0.5,0,16.1,49.4,3.8,1.6,4,3.6,0.1,23.9,24.6,19.5,24.6,19.5
20190320,31489,29645,1844,6.22,351.897,236.826,0,0,98.3,98.2,94.2,94.4,75.6,0,0,50.6,46,0,49.4,50.7,49.4,50.4,52.5,49.2,52.3,44.8,45.1,32.3,0,75.8,76.4,59.4,0,56.7,0,57.1,60.1,299.1,142.7,163.4,87.5,39.7,92,46.1,60.2,51.1,52.9,68.3,96.4,121.4,0,10.3,0,2.4,3.5,3,2.3,2.6,1.9,0.4,16.7,44.5,1.7,1.5,2.2,2.4,0,24.4,30.9,20.0,30.9,20.0
20190321,32310,30343,1967,6.48,358.451,241.236,0,0,98.4,98.2,94.2,94.4,75.7,0,0,52.1,42.8,0,51.6,53,52.3,51.6,51.7,49.2,52.8,39.9,47,24.9,0,75.8,76.4,60.3,60.1,56.7,0,57.2,66.6,244.9,136.3,170.6,89.2,39.7,91.9,45.4,60.2,50.7,52.5,68.6,95.1,99.3,0,11,0,2.2,3.5,3,2,2.5,3.1,1,15.1,35.2,1.5,1.6,2,1.8,0,23.2,32.5,22.3,32.5,22.3
20190322,31959,29618,2341,7.9,352.322,237.112,0,0,98.3,98.1,94.2,94.5,75.8,0,0,50.1,43.4,0,51.5,53.3,52.1,51.6,53.5,0,51.9,46.3,45.9,41.8,0,75.6,76.2,52.6,60.2,56.9,0,57.2,61.1,242,138.2,167,90.1,39.6,91.7,47.7,59.8,51.8,53.4,67.9,96.8,57.2,0,11,4.5,2.8,3.5,3,2,0.8,2.9,0.8,10.7,33.9,3,1.6,3.5,1.8,0,24.6,23.9,17.5,23.9,17.5
20190323,27349,25265,2084,8.25,312.816,210.524,0,0,98.3,98.1,94.4,94.5,75.9,0,0,52,0,0,51.5,53.3,52,51.6,53.4,0,51.9,39.8,34.1,25.8,0,75.7,76.4,56.4,57.4,56.8,0,57.1,43.1,234.1,133.9,171,62.3,14,46.1,0,60.1,53.6,56.1,67.3,53,26.3,0,10.3,3.3,3.2,3.4,3,2,1.4,2.5,0.8,0,54,4.8,1.3,3,4,0,17.8,17.5,14.0,17.5,14.0
20190324,26671,24812,1859,7.49,294.599,198.264,0,0,98.4,98.1,94.4,94.6,75.7,0,0,52.8,0,0,51.8,53.3,52,51.6,53.5,0,52.9,47,47.4,33.1,0,75.8,76.4,56.5,56.5,56.8,0,57.1,40.3,231.3,133.9,170.2,74.4,39.7,46.1,46.9,0,53.1,56.2,0,53.4,26.8,0,10.7,3.3,2,2.8,2.6,2,1.1,2.8,0.8,15.3,67.4,5.8,1.4,4.8,4,0,18.2,18.7,14.1,18.7,14.1
20190325,30388,28535,1853,6.49,333.343,224.339,0,0,98.3,98.1,94.1,94.5,75.6,0,0,52.5,0,0,51.9,53.5,52,51.4,53.3,0,52.9,39.9,48,47,0,75.8,76.4,59.8,60.1,56.8,0,57.1,59,266.5,147.2,185.2,85.8,39.7,92,48.9,60.2,52.7,55.1,67.8,103.1,66.4,0,10.7,0,1.9,2.4,2.4,1.5,0,3.3,1,16.3,68.8,2.9,1.5,3,3.7,0,18,19.9,17.3,19.9,17.3
20190326,30643,28756,1887,6.56,342.917,230.782,0,0,98.5,98.2,94.1,94.5,75.7,0,0,50.9,0,0,51.9,53.4,52.5,51.5,53.4,0,52.8,47.2,47.8,42.4,2.6,75.8,76.4,59.3,60.1,56.8,0,57.1,59.5,280.6,144.3,174.6,76.4,37.2,92,48.4,60.2,52.5,54.7,66.4,101.4,88,0,11.2,3.3,1.1,2.8,2.7,1.6,0.9,2.5,0.7,14.6,63.7,3.8,1.5,4.5,4,0,18,23.2,17.6,23.2,17.6
20190327,31073,29140,1933,6.63,348.038,234.228,0,0,98.3,98.1,94.2,94.5,75.7,0,0,49.8,0,0,51.9,53.3,52.1,51.5,50.9,0,52.8,41.9,45.3,35,4.4,75.8,76.4,58.1,60.1,56.8,0,57.2,63.4,294.6,140.6,192.4,84,39.7,91.6,47.3,60.2,51.6,54,68.4,98.9,87.8,0,10.8,3.3,2.4,3.7,3,2.3,0.8,2.8,0.8,17.1,50.8,1.4,1.4,3,3.1,0,23.1,28.9,18.5,28.9,18.5
20190328,31985,30093,1892,6.29,356.775,240.109,0,0,98.4,98.2,94.2,94.5,75.6,0,0,50.4,51,0,52,53,51.6,51.9,53.2,0,52.8,34.9,42.9,27.3,51.1,0,76.4,60.1,60.2,56.7,0,57.2,58.9,298,138,188.7,91.7,39.7,91.9,46.1,60.5,50.8,52.8,68.6,96.8,92.8,0,10.9,0,1.6,2.4,2.3,1.3,0.5,3.1,1,23.5,67.1,1.1,1.4,2,3,0,22.9,32.9,21.0,32.9,21.0
20190329,31728,29673,2055,6.92,354.27,238.422,0,0,98.1,97.9,94.3,94.5,75.7,0,0,50.8,48.1,0,52,52.7,52.1,51.7,53.2,0,52.8,47.8,48,36.9,52.8,0,76.4,59.9,60.1,56.8,0,57.2,59.1,284.3,144,182.6,100.3,39.7,92,48,59.9,51.1,53.4,68.6,97.4,64.4,0,11,0,0.8,3,2.8,1.6,0,2.8,0.9,14.7,42.2,0.5,0,1.9,1.9,0,17.9,28.2,19.0,28.2,19.0
20190330,27965,25810,2155,8.35,317.793,213.873,0,0,98,97.8,94.3,94.5,75.7,0,0,52.7,50.9,0,52,53.3,52.2,51.9,53.2,0,52.8,47.8,47.8,25.3,0,0,76.4,58.3,60.2,56.8,0,57.1,47.5,246.3,137.5,183.9,86.5,31.3,46.1,48.1,59.8,51.9,0,68.7,51.1,26.7,0,11.1,0,1.2,3,2.8,1.7,0.7,2.8,0.9,16.9,66.1,4.6,1.3,2.9,2.6,0,9.7,25.3,18.1,25.3,18.1
20190331,26763,24466,2297,9.39,296.502,199.545,0,0,96.1,98,94.3,94.5,75.8,0,0,32.6,50.8,0,51.4,53.3,52,51.9,52.3,0,52.8,48,47.8,37.2,0,0,76.4,0,56.5,56.7,0,57.2,45.9,228.1,139,176.1,86.5,39.1,92,49.3,0,0,46.8,0,93.1,26.6,0,10.7,3.1,2.5,3.2,3,1.8,0.6,2.2,0.6,14.3,63.6,2.5,1.2,4,2.3,0,10.2,22.0,16.4,22.0,16.4
20200301,28307,24986,3321,13.29,300.46,202.042,0,0,-0.1,98.7,94.7,94.4,75.7,75.9,21.5,37.6,0,0,40.5,38.8,51.7,47.5,49,47.6,47.8,27.2,0,32.6,0,76.1,0,56.1,57.2,8.5,36.7,52.9,57.1,383.4,176.9,139.2,95.5,98.3,44.3,39.3,0,51.8,0,0,51,14.2,0,10.3,3,4.2,4.5,4.3,2.4,0.4,3.6,1,29.6,48.2,2.1,0.9,0.7,0,0,20,26.7,18.3,26.7,18.3
20200302,31852,28557,3295,11.54,334.085,224.652,0,0,-0.1,98.8,94.7,94.4,75.7,76,75.9,37.5,0,0,0,53.7,52.4,52,52.9,51.5,52.8,27.2,0,32.4,0,75.9,0,60.1,60.2,38.5,36.7,57.2,79.7,377.5,187.3,145,74.2,98.3,90.7,44.7,41.9,45.6,48.4,68.9,100.5,26.9,4.2,11.8,3.1,2.8,3.1,3,1.6,0.8,3.7,1.4,25.4,50.6,0,0.8,0.5,0,0,13.4,20.1,16.0,20.1,16.0
20200303,32289,29183,3106,10.64,348.255,234.181,0,0,-0.1,98.8,94.6,94.4,75.6,75.9,75.9,44.4,0,0,0,53.6,52.3,51.7,53.4,47.2,52.3,27.5,0,31.5,0,76.1,0,59.8,60.1,41.9,36.7,57.2,77.5,350.1,189.6,147.2,80.1,98.2,92,49.1,64.8,52.1,54.4,68.7,102.5,14.3,0.1,11.2,3.6,6.6,4.5,4.3,2.3,0.3,2.6,1.3,34.2,60.1,3,0.9,0.6,0,0,20.7,26.2,16.8,26.2,16.8
20200304,32616,28858,3758,13.02,350.449,235.656,0,0,-0.1,98.7,94.6,94.4,75.8,76,76,47.2,0,0,0,48.8,42.5,42.6,43.5,51.4,38,27.2,0,31.5,0,76.1,0,59.7,60.2,38.4,36.6,57.2,78.4,363.5,224.4,133.9,68.9,98.3,92,49.1,60,45.2,55.2,68.6,103.9,14.4,0,11,3,4.5,4.2,3.9,2.2,0.3,1.8,1.1,15.2,48.3,2.6,0.9,0.6,0,0,21.2,21.2,15.0,21.2,15.0
20200305,32126,28608,3518,12.3,345.955,232.634,0,0,-0.1,98.8,94.8,94.5,75.7,76,76,47.4,0,0,0,43.5,37.8,41.9,53.4,42.2,47.8,27.9,0,31.4,0,75.9,0,59.8,60.3,38.5,36.7,57.2,77.9,342.7,231.7,137.9,72.2,93.3,92,49.4,64.1,53,55.8,68.6,104.5,22.3,0,11,2.9,2.4,4.1,4,2.3,1,1.8,1.4,14.6,30.6,0.5,0.9,1.1,2.6,0,22,15.8,13.8,15.8,13.8
20200306,31748,28569,3179,11.13,344.944,231.955,0,0,-0.1,98.8,94.7,94.5,75.6,75.9,76,43.3,0,0,0,53.6,45.3,44.3,53.4,48.6,42.9,26.8,0,31.6,0,75.5,0,59.7,60.2,38.5,36.7,57.2,73.8,381.5,202.3,144.2,74.7,90.2,92,48.6,60.1,46.8,46.2,66.3,104.1,14.7,0,11.5,3.3,3.7,4.1,3.8,2.2,0.9,4.1,1.4,24.6,50.4,0.5,0.9,0.8,2.5,0,23.2,25.8,14.8,25.8,14.8
20200307,29894,26182,3712,14.18,321.496,216.187,0,0,-0.1,98.8,94.7,94.5,75.6,76,76,47.3,0,0,0,43.6,43.7,42.5,43.6,47.6,42.9,27,0,31.4,0,76.1,0,59.5,60.2,38.4,36.7,57.2,53.1,369.1,212.3,161.2,75.9,35,46.1,48.6,0,45.2,53.7,66.4,50.8,14.8,0,11.1,3.3,4.4,4.2,4,2.4,0.8,2.5,1.2,30.8,48.9,1.1,0.9,0.6,3,0,21.8,28.9,17.8,28.9,17.8
20200308,28936,25557,3379,13.22,307.504,206.778,0,0,-0.1,98.8,94.7,94.3,75.7,75.9,76,47.4,0,0,0,43.6,43.6,42.6,43.6,47.6,47.8,27.3,0,31.7,0,76.1,0,56.1,56.4,38.4,36.7,57.2,52.9,393.2,215.1,171.2,74.6,82.6,0,48.6,0,0,54.2,0,52,14.8,0,10.9,3.2,6.9,4.2,4,2.3,0.8,2.8,1.4,30.6,50.4,4,0.9,0.8,0,0,21,29.5,20.1,29.5,20.1
20200309,32862,29653,3209,10.82,346.352,232.901,0,0,-0.1,98.7,94.7,94.5,75.7,75.9,76,44.8,0,0,0,53.2,52.5,45.1,53.4,52.3,52.7,27.2,0,31.3,0,76.1,0,59,60.1,38.4,36.6,57.2,67,405.8,235.1,166.9,76.5,63.1,92,48.6,64.8,50.9,52.7,68.7,101,14.3,0,11.1,0,3.2,4,3.6,2.1,0.4,2.3,1,33.4,50.4,0.5,0.8,0.8,0,0,22.4,29.1,20.3,29.1,20.3
20200310,32522,28591,3931,13.75,351.614,236.44,0,0,-0.1,98.7,94.8,94.5,75.9,76.2,76.2,47.6,0,0,0,48.5,42.9,42.6,43.9,52.5,48.1,27.1,0,32.5,0,76.1,0,59.9,60.2,38.5,36.7,57.2,70.5,394.5,244.2,126.9,77.7,37.9,94,48.1,60,52.3,54.9,66.4,103.2,14.3,6.4,11,3.1,3.6,2,2.3,1.1,0.5,4.8,1.7,15.4,32.2,3.8,1.6,3,4,0,15.9,24.0,15.9,24.0,15.9
20200311,31786,28531,3255,11.41,344.086,231.378,0,0,-0.1,98.7,94.7,94.5,75.7,76,76.1,47.1,0,0,0,53.1,51.7,48.8,53.2,52.4,47.8,27.1,0,31.9,0,60.9,0,59.8,60.2,38.4,36.7,57.2,69.3,377,258.9,114.3,70.8,73.6,92,49,60,52.4,54.4,66.4,104.5,14.3,4,10.8,3,1.7,2,1.9,0.8,0.9,2.5,0.9,14.9,47.1,0,1.1,1.7,1.8,0,21,20.4,16.3,20.4,16.3
20200312,32350,29348,3002,10.23,350.331,235.577,0,0,-0.1,98.8,94.6,94.4,75.8,76.2,76.2,47.7,0,0,0,53.6,52.6,47.4,52.7,52.2,48.1,28.6,0,33.2,0,76.1,0,59.8,60.1,38.4,36.7,57.1,74.4,356.3,260.6,125.7,78,95.3,92,49.1,64.8,52.4,54.4,68.9,103.1,15.4,0,11.1,1,2.2,3.9,3.7,1.9,0.9,3.9,1.1,31.3,61.1,0,1,0.9,1.8,0,23.9,25.7,18.1,25.7,18.1
20200313,32263,29165,3098,10.62,353.107,237.444,0,0,-0.1,98.6,94.7,94.4,75.8,76.1,76.1,42.8,0,0,25.6,48.5,45.9,43.4,44.6,44.2,45.7,27.2,0,31.8,0,76.1,0,59.9,60.2,38.5,36.6,57.2,73.8,390.6,262.4,125,73.3,94.2,88.1,45.5,63,51.9,53.8,68.9,100.7,29.6,0,11.3,0,1.9,2.9,2.8,1.6,0.8,3.4,1.2,15.3,34.1,0,1,1,0,0,7.3,22.6,18.0,22.6,18.0
20200314,29628,25802,3826,14.83,320.592,215.579,0,0,-0.1,98.8,94.7,94.5,75.9,76.2,75.9,47.1,0,0,33.8,48.5,47.9,45.9,47.5,45.7,47.3,27.3,0,31.6,0,76.4,0,59.8,60.2,38.5,36.7,57.1,53,368.3,191.7,112.2,71.1,95.3,46.1,0,60,53.1,0,0,52.9,30,0,11,2.8,3.4,2.5,2.5,1.3,1,4,1.5,14.4,29.9,0,1.2,3,3.9,0,17.7,18.2,15.4,18.2,15.4
20200315,28330,24837,3493,14.06,296.266,199.221,0,0,-0.1,98.7,94.7,94.5,75.8,76.1,75.9,42.8,0,0,33.7,43.6,42.7,30.3,31.2,32.7,33.3,27.2,0,31.5,0,76.2,0,56.4,56.5,38.4,36.6,0,52.2,414.4,251,134.9,75,35.7,46.1,49,0,0,55,0,0,26.7,0,11,4.6,5.6,2.9,2.9,1.5,1,2.7,1.1,37.2,76.5,0,1.1,3,4,0,22.8,23.6,13.0,23.6,13.0
20200316,32804,27984,4820,17.22,332.002,223.252,0,0,-0.1,98.7,94.6,94.4,76,76.3,76,52,0,0,49.8,30.8,30.1,42.7,31.2,44.8,28.5,26.9,0,30.3,0,76,0,59.8,60,38.5,36.7,57.1,78.2,391.8,247,132.1,89.9,56.1,84.7,45.1,60.1,46.1,46.9,66.4,96.9,26.7,0,11.2,0,1.2,3.1,3,1.9,0.9,4.1,1.2,15.1,33.8,0,1,1,2.4,0,16,25.6,15.0,25.6,15.0
20200317,32896,28753,4143,14.41,344.35,231.556,0,0,-0.1,98.8,94.6,94.4,75.8,76.1,75.9,43.5,0,0,40.7,38.9,30.2,42.8,31.2,47.3,33.4,27.3,0,30,0,76,0,60.1,60.1,38.5,36.7,57.2,70.8,397.4,234.9,141.6,90.2,82.2,90.5,48.6,60,51.8,54.2,66.5,103.7,26.8,1.9,8.3,0,3.5,3.2,3,1.6,0.4,2.8,1,14.6,45.4,0,0.9,1.2,1.7,0,13.8,28.9,17.8,28.9,17.8
20200318,33271,29118,4153,14.26,349.431,234.972,0,0,-0.1,98.7,94.7,94.4,75.5,75.9,75.9,37.9,0,0,50,53.8,52.4,43.2,43.3,42.5,48.1,27.3,0,30.3,0,76.3,0,59.8,60.2,38.5,36.6,57.2,69.3,392.6,249.4,169,87.1,69.5,79.2,39.2,60.2,45.1,54.1,66.5,104,26.7,3.8,11.1,2.8,2.6,3.2,3,1.7,0.3,2.9,1.1,15.8,16.3,0,0.9,2.9,1.7,0,22,26.0,17.9,26.0,17.9
20200319,32474,29389,3085,10.5,353.923,237.993,0,0,-0.1,98.7,94.7,94.4,75.7,76,75.9,37.9,0,0,49.6,53.8,52.3,52.6,52.6,52.2,51.5,26.8,0,30.2,0,76.1,0,59.2,60.1,38.5,36.8,57.2,70.8,379.4,251.7,150.5,85.8,28.6,92,49.1,60.2,51.7,54,68.9,102.5,50.6,7.3,11.2,3,2.2,3.2,3,1.7,2.1,2.4,0.9,15.5,29.1,0,0.9,1,1.8,0,23.1,22.7,18.9,22.7,18.9
20200320,32730,29030,3700,12.75,352.091,236.76,0,0,-0.1,98.7,94.6,94.4,75.5,75.9,56.7,42.4,0,0,50.2,53.8,37,39.1,39.7,46.1,38.2,27.2,0,30.2,0,76.2,0,60.2,60.2,38.5,36.8,57.2,70.1,377.4,253.9,141.8,85.1,29.9,92,48.1,60.3,51.5,53.6,68.6,99.6,28.2,0,11.2,0,1.1,3.2,3,1.6,0.4,4,1.5,14.9,35.9,0,0.9,1.1,2.1,0,12.1,24.8,19.3,24.8,19.3
20200321,29655,26635,3020,11.34,327.627,220.31,0,0,-0.1,98.6,94.5,94.3,75.8,76.1,75.9,28,0,0,45.9,23.9,23.5,23.7,23.9,29.4,23.5,27.2,0,30.2,0,76.1,0,59.6,60,38.5,36.9,57.2,45.9,376.2,230.5,190.3,92.2,24,45,0,60.3,50.3,45.8,66.4,99.1,28.4,0,11.3,3.5,3.5,3.2,3,1.7,0.3,4,1.6,18,84.1,0,0.9,1.8,2.3,0,17.5,31.7,20.4,31.7,20.4
20200322,29174,26088,3086,11.83,313.144,210.571,0,0,-0.1,98.8,94.6,94.4,75.6,75.9,75.8,34.6,0,0,40.6,38.9,37.7,38.4,38.5,42.7,33.4,27.1,0,30.2,0,76.1,0,57,57,38.5,36.8,57.1,46.6,368.2,226.8,176.3,94.3,30.9,0,48.5,0,51.1,53,0,102.4,28.6,0,10.8,3,2.2,3.2,3,1.6,0.3,3.5,1.3,21,64.2,0,0.9,2.1,2.5,0,17,33.5,21.5,33.5,21.5
20200323,33143,29372,3771,12.84,348.605,234.416,0,0,-0.1,98.6,94.5,94.4,75.7,76,76.1,42.4,0,0,49.7,37.8,39,36.1,36.3,44.9,38.7,27.2,0,30.2,0,76,0,59.3,60.1,38.5,36.8,56.2,87.6,360.9,227.8,175,86,37.8,93.1,48.9,64.8,51.3,49.6,68.9,98.7,28.7,0,11,0,1.2,3.2,3,1.6,0.8,3.9,1.2,15,33.5,0,0.9,0.8,2.1,0,8,23.3,19.0,23.3,19.0
20200324,33595,29470,4125,14,356.83,239.948,0,0,-0.1,98.7,94.6,94.3,75.7,76,76.1,42.4,0,0,49.5,33.8,32.9,33.3,33.9,42.5,43.2,27.2,0,30.8,0,76.1,0,59.4,60.1,38.5,36.8,57.2,79.1,355.4,235.3,173.2,95.1,79.7,92,48.8,60.2,51.3,52.6,67.1,101,28.7,0.2,11.4,3.1,4.2,3.2,3,1.6,0.8,3.1,1.3,17.9,45.4,0,0.8,1.1,0,0,11.7,25.3,19.4,25.3,19.4
20200325,33615,30038,3577,11.91,361.503,243.09,0,0,-0.1,98.7,94.5,94.3,75.7,76,76.1,39.8,0,0,49.2,33.6,32.9,33.3,33.9,45.7,46.1,27,0,31.1,0,76.1,0,58.9,60,38.5,36.8,57.1,85.3,365.5,246.1,186.4,90.2,99.3,92,48.3,60,49.2,53.2,68.7,99.4,28.6,0,10.8,3.1,1.9,3.2,3,1.7,0.8,4,1.7,15.5,61.5,0,0.8,1.1,1.7,0,11.5,31.6,20.5,31.6,20.5
20200326,34029,30842,3187,10.33,367.755,247.294,0,0,-0.1,98.6,94.5,94.2,0,75.7,76,28.8,0,0,49.8,50.6,49.2,46.7,46.9,49.1,50.1,28,0,38.3,0,76.1,0,60.2,60.1,56.9,55.8,57.1,84.1,362,237.7,202.7,95.1,99.3,91.5,47.4,60.2,50.2,52,68.9,80,36.5,7,10.8,3.2,4.5,3.2,3.1,1.6,0.8,3.3,1.3,38.9,65.9,0,0.8,1,2,0,14.1,34.2,22.1,34.2,22.1
20200327,34524,31260,3264,10.44,371.532,249.834,0,0,-0.1,98.4,94.3,94,0,75.8,75.9,41.7,0,0,49.4,53.6,52.3,48.9,53.2,49.5,51.2,27.5,0,30.9,0,76.1,0,59.3,59.6,46.9,46.1,57.1,85.3,363.1,238.8,197.9,95,99.3,92,48.4,60.2,50.3,52.3,68.9,90.8,30,0,11.7,0,1.7,3.2,3.1,1.7,0.3,3.7,1.4,14.7,59.1,0,0.8,1.9,0,0,7.5,33.1,21.4,33.1,21.4
20200328,29959,25893,4066,15.7,328.172,220.677,0,0,-0.1,98.4,94.5,94.2,0,76,76.1,42.2,0,0,0,43.6,43.6,43,43.3,47.4,48.2,25.1,0,30.6,0,76.1,0,58.7,60,38.5,36.8,57.1,63.5,357.9,221.4,199.4,90.4,35.7,40.3,0,60.2,45.2,0,0,89.3,26.5,0,11.4,3,2.5,2.8,2.7,1.3,0.4,0.5,0.1,15.2,62.5,0,0.9,0.8,2,0,21,22.4,14.9,22.4,14.9
20200329,28641,25152,3489,13.87,300.002,201.733,0,0,-0.1,98.4,94.6,94.3,0,75.7,75.9,42.5,0,0,0,47.7,40.2,47.8,39.1,47.4,48.1,25.2,0,30.5,0,75.8,0,55.5,55.5,38.4,36.9,57.2,62.8,360.8,221.1,190.1,88.2,78.1,0,49.3,0,0,54.5,0,52.4,26.7,0,11.4,3.1,3.2,3.1,2.9,1.4,0.3,0.3,0.2,34,68.7,0,0.8,2.9,2.9,0,18.9,21.5,14.8,21.5,14.8
20200330,32224,28716,3508,12.22,340.365,228.875,0,0,-0.1,98.2,94.2,94.1,0,76,76.1,37.4,0,0,0,53.5,51.2,47.9,39.1,48.7,43.2,25.3,2.8,29.1,0,76.1,0,59.6,59.9,38.5,36.9,57.1,91.2,332.4,238.4,201.5,89.7,95.6,92.7,48.4,41.9,48.5,50,68.9,100.1,26.9,0,11.2,3.7,3.8,3.1,3,1.7,0.8,3,1.1,17.7,66.2,0,0.8,2.5,1.8,0,6.6,24.1,18.6,24.1,18.6
20200331,32484,29162,3322,11.39,351.063,236.069,0,0,20.8,98,94.3,94.2,0,76.1,76.3,40.4,0,0,0,53.4,52.4,47.7,52.6,48.8,50.9,23,0,28.2,0,76.1,0,59.3,60,42.8,42.1,57.1,86.6,332.8,244.6,197.6,90.8,98.3,90.7,44.7,41.9,45.6,48.4,68.9,100.5,26.9,4.2,11.8,3.1,2.8,3.1,3,1.6,0.8,3.7,1.4,25.4,50.6,0,0.8,0.5,0,0,13.4,26.6,18.4,26.6,18.4
20210301,29388,26556,2832,10.66,323.991,218.544,0,0,97.7,98.8,94.7,94.6,75.9,76.2,76.0,42.8,0.0,0.0,41.9,34.4,43.2,43.1,44.0,0.0,43.0,24.3,0.0,24.7,0.0,74.9,76.4,59.8,60.2,52.3,55.8,0.0,123.9,206.5,264.0,165.7,73.4,53.2,0.0,48.1,0.0,50.7,5.4,0.0,100.4,37.5,0.0,10.6,0.0,1.9,2.0,2.1,0.7,0.3,4.9,1.7,42.5,64.5,2.0,1.1,2.0,4.0,0.0,16.6,27.4,16.9,27.4,16.9
20210302,32637,29416,3221,10.95,359.333,242.383,0,0,97.6,98.9,94.7,94.6,76.1,76.3,76.2,43.2,0.0,0.0,41.9,43.5,43.2,42.8,43.7,0.0,43.0,24.3,0.0,24.8,0.0,74.9,76.2,60.2,60.3,42.4,42.4,0.0,123.2,202.3,336.1,178.8,73.3,60.5,92.0,50.0,60.0,53.4,27.6,0.0,104.6,27.1,0.3,10.9,0.0,1.8,2.0,2.0,0.7,2.1,4.3,1.5,14.4,76.2,3.0,1.1,0.0,4.0,0.0,14.7,22.0,14.3,22.0,14.3
20210303,32752,29677,3075,10.36,365.421,246.489,0,0,97.5,98.9,94.6,94.5,76.0,76.3,76.1,42.8,0.0,0.0,42.4,48.6,48.2,44.6,44.9,0.0,43.0,30.8,0.0,32.4,0.0,74.8,76.4,59.6,60.2,42.6,56.9,0.0,126.8,241.6,332.0,192.1,59.7,53.2,92.0,49.3,61.7,53.2,27.4,0.0,104.8,27.0,0.0,10.9,0.0,1.4,1.7,1.8,0.6,2.1,4.8,1.7,15.4,61.4,5.0,1.1,3.0,4.0,0.0,17.2,18.3,14.6,18.3,14.6
20210304,32873,29785,3088,10.37,367.427,247.842,0,0,97.4,98.8,94.6,94.6,75.7,76.2,76.0,49.4,0.0,0.0,42.6,43.6,43.2,42.7,44.2,0.0,43.0,23.4,0.0,25.2,0.0,74.9,76.4,60.4,60.2,42.4,42.3,0.0,123.4,256.0,328.5,183.5,66.2,66.3,88.3,49.4,64.0,52.8,27.2,0.0,103.3,58.9,0.0,10.9,0.0,1.2,1.6,1.7,0.5,2.3,3.6,1.2,29.7,66.3,5.8,1.1,2.0,4.0,0.0,17.5,21.8,16.2,21.8,16.2
20210305,33137,29869,3268,10.94,370.03,249.599,0,0,97.2,98.9,94.5,94.5,75.7,76.2,76.1,43.2,0.0,0.0,38.3,44.4,44.3,43.8,39.7,0.0,43.9,22.8,0.0,25.0,0.0,74.6,76.4,60.2,60.2,45.5,47.7,0.0,130.9,268.6,326.8,183.1,66.1,71.6,92.0,48.1,60.0,52.4,27.0,0.0,100.8,27.2,0.0,10.9,0.0,1.3,1.9,1.9,0.7,1.9,3.6,1.2,16.9,61.3,0.6,1.1,0.0,2.8,0.0,10.3,23.6,17.0,23.6,17.0
20210306,29717,26912,2805,10.42,343.409,231.642,0,0,97.0,98.8,94.6,94.5,75.8,76.3,0.0,42.8,0.0,0.0,46.9,48.9,47.9,42.6,44.1,0.0,43.0,30.1,0.0,32.3,0.0,74.7,76.4,60.1,60.2,57.0,52.2,0.0,62.1,253.6,274.7,185.2,58.7,96.9,46.1,49.4,60.0,0.0,27.2,0.0,50.5,46.7,0.0,10.6,0.0,0.6,1.9,1.9,0.7,0.3,4.3,1.5,15.0,68.9,3.1,1.1,2.0,4.1,0.0,16.6,20.9,15.6,20.9,15.6
20210307,28545,25794,2751,10.67,321.877,217.118,0,0,90.2,53.1,94.6,94.6,75.8,76.1,0.0,43.8,0.0,0.0,42.5,43.9,43.2,42.9,44.4,0.0,47.9,23.4,0.0,24.7,0.0,74.8,76.5,55.6,55.5,56.9,52.0,0.0,59.4,231.3,292.7,191.9,66.3,65.8,0.0,49.6,0.0,48.3,0.0,0.0,96.3,27.4,0.0,10.6,0.0,1.9,1.9,1.9,0.8,0.3,4.8,1.7,28.7,81.3,3.0,1.1,3.0,2.7,0.0,5.3,19.7,16.9,19.7,16.9
20210308,32882,29772,3110,10.45,358.908,242.096,0,0,98.1,93.4,95.0,94.7,75.6,76.2,0.0,43.8,0.0,0.0,42.7,43.9,43.2,47.5,48.4,0.0,42.5,23.7,0.0,24.7,0.0,74.7,76.4,60.2,60.1,56.8,51.9,0.0,129.1,278.3,337.8,182.1,58.1,96.9,92.1,48.9,60.2,52.4,27.5,0.0,103.2,27.4,0.0,10.9,0.0,1.8,1.9,2.0,0.6,0.3,4.4,0.8,27.5,48.5,3.9,1.1,3.0,4.0,0.0,16.6,19.8,17.3,19.8,17.3
20210309,32995,29947,3048,10.18,369.298,249.105,0,0,96.7,98.9,94.6,94.6,75.7,76.1,0.0,48.1,0.0,0.0,45.0,49.0,43.0,47.5,48.7,0.0,42.5,30.5,0.0,32.8,0.0,74.5,76.2,57.8,60.1,57.0,52.1,0.0,127.3,267.4,331.5,175.4,57.9,95.0,93.7,49.0,60.2,52.8,27.4,0.0,103.8,42.7,0.1,11.2,0.0,2.5,1.9,1.9,1.1,0.3,5.8,2.2,22.4,49.7,0.6,1.1,2.0,4.0,0.0,15.6,23.6,17.7,23.6,17.7
20210310,32961,29906,3055,10.22,369.598,249.307,0,0,96.7,98.9,94.6,94.5,75.7,76.1,0.0,47.5,0.0,0.0,46.8,43.9,47.9,42.6,44.2,0.0,42.8,24.3,0.0,24.7,0.0,74.7,76.3,59.7,60.0,52.2,52.0,0.0,123.7,277.3,331.7,169.7,58.2,89.0,92.0,49.1,60.2,52.6,27.4,0.0,103.2,47.5,0.0,11.3,0.0,2.0,1.8,1.9,0.6,0.3,5.1,1.7,24.8,63.8,3.1,0.9,2.0,4.1,0.0,16.5,21.3,17.5,21.3,17.5
20210311,33116,30040,3076,10.24,372.205,251.066,0,0,96.6,98.8,94.5,94.5,75.9,76.3,0.0,47.4,0.0,0.0,47.1,43.9,43.0,42.8,48.9,0.0,42.9,29.5,0.0,32.5,0.0,74.8,76.6,60.2,60.0,56.9,52.1,0.0,120.5,309.0,331.8,191.6,60.5,93.9,92.0,49.1,60.2,52.9,27.4,0.0,103.9,59.0,0.0,11.3,0.0,2.1,1.6,1.9,0.8,0.3,2.6,0.9,31.9,49.4,3.1,0.9,2.0,4.0,0.0,16.6,27.5,18.7,27.5,18.7
20210312,33200,29928,3272,10.93,370.49,249.908,0,0,96.4,98.8,94.3,94.4,75.8,76.2,0.0,41.9,0.0,0.0,43.0,42.7,41.8,41.6,44.0,0.0,41.9,24.1,0.0,29.7,0.0,75.0,76.3,60.3,60.1,51.7,42.8,0.0,125.0,292.2,326.5,160.7,57.2,96.8,91.1,48.8,60.2,51.2,26.9,0.0,93.5,31.4,0.0,11.0,0.0,1.3,1.6,1.6,0.7,1.6,0.3,0.5,14.8,54.5,3.5,0.9,0.0,1.8,0.0,15.6,23.5,18.5,23.5,18.5
20210313,29872,26797,3075,11.48,340.806,229.885,0,0,96.3,98.8,94.6,94.4,75.9,29.6,0.0,43.3,0.0,0.0,42.1,42.0,41.6,38.0,39.2,0.0,49.7,0.0,23.0,25.1,0.0,74.9,76.4,60.2,60.1,32.9,32.8,0.0,69.1,301.0,330.5,180.5,75.2,68.3,45.9,49.3,60.3,0.0,27.5,0.0,51.8,27.4,0.0,11.2,0.0,1.9,1.7,1.8,0.8,0.3,3.3,1.0,29.9,61.2,0.5,0.9,1.8,4.0,0.0,16.4,21.5,17.7,21.5,17.7
20210314,28574,25641,2933,11.44,319.054,215.213,0,0,96.2,98.9,94.7,94.5,75.7,75.1,0.0,33.6,0.0,0.0,33.0,34.8,33.1,32.8,38.1,0.0,49.8,0.0,24.3,25.0,0.0,74.9,76.2,49.1,49.0,28.0,27.9,0.0,59.0,305.2,331.3,192.4,75.4,80.6,45.9,48.4,0.0,0.0,27.3,0.0,0.0,27.4,0.0,11.2,0.0,2.4,1.7,1.8,0.8,0.3,4.1,1.4,48.3,79.8,2.1,0.9,0.1,4.0,0.0,16.8,23.4,18.4,23.4,18.4
20210315,33163,30088,3075,10.22,363.2,244.992,0,0,96.1,98.8,94.4,94.4,75.7,75.1,0.0,42.6,0.0,0.0,41.9,48.7,48.2,38.0,44.1,0.0,49.7,0.0,23.3,24.9,0.0,74.9,76.3,60.3,60.1,43.4,43.5,0.0,119.0,296.5,342.8,200.9,82.1,98.9,92.0,48.8,60.2,52.5,27.2,0.0,102.4,45.1,0.0,11.2,0.0,1.5,1.7,1.8,0.5,2.1,3.2,1.0,17.7,100.4,2.1,0.0,2.0,4.0,0.0,9.5,28.9,18.0,28.9,18.0
20210316,33771,30684,3087,10.06,376.067,253.67,0,0,95.9,98.8,94.2,94.3,75.7,76.1,0.0,47.6,0.0,0.0,42.9,42.8,43.6,43.2,43.7,0.0,49.1,0.0,23.6,24.9,0.0,74.8,76.2,60.3,60.1,56.9,57.0,0.0,118.4,329.0,326.7,194.3,75.4,98.5,92.0,48.2,60.3,51.5,26.7,0.0,101.3,64.8,3.4,11.2,0.0,2.2,1.7,1.8,0.6,2.2,2.6,0.7,51.3,72.9,1.8,0.8,1.7,4.0,0.0,9.2,30.0,19.1,30.0,19.1
20210317,33899,30716,3183,10.36,380.454,256.629,0,0,95.7,98.7,94.1,94.3,75.9,76.3,0.0,37.2,0.0,0.0,42.4,43.5,43.3,32.9,43.9,0.0,49.8,0.0,28.1,31.1,0.0,74.9,76.4,60.4,60.1,56.5,51.9,0.0,120.5,321.7,332.4,180.3,75.7,98.0,92.0,48.5,60.2,51.8,26.8,0.0,94.1,53.2,0.0,11.4,0.0,1.9,1.7,1.7,0.8,2.1,2.0,0.3,20.8,54.0,0.6,0.9,0.0,1.7,0.0,4.3,26.0,20.3,26.0,20.3
20210318,33938,30724,3214,10.46,380.783,256.852,0,0,95.7,98.8,94.5,94.3,76.0,76.3,0.0,47.6,42.3,0.0,46.7,43.6,43.2,0.0,43.7,0.0,49.7,0.0,30.4,32.5,0.0,74.8,76.2,60.3,60.1,57.1,52.0,0.0,121.5,351.3,352.2,178.8,75.1,98.6,92.0,48.3,60.2,52.5,27.2,0.0,99.5,60.9,0.0,11.8,0.0,1.6,1.7,1.7,0.7,2.1,3.3,1.0,29.4,56.1,2.1,0.8,2.1,4.0,0.0,8.8,24.9,19.5,24.9,19.5
20210319,34002,30865,3137,10.16,380.818,256.876,0,0,95.6,98.9,94.4,94.2,75.8,76.1,0.0,43.0,44.5,0.0,46.8,48.7,33.4,0.0,48.9,0.0,49.7,0.0,27.9,30.0,0.0,74.9,76.3,60.5,60.2,56.9,52.0,0.0,114.8,285.9,343.4,192.4,81.7,95.9,92.0,48.2,60.2,52.2,27.1,0.0,98.7,39.6,0.1,11.8,0.0,1.3,1.7,1.7,0.6,1.8,2.4,0.7,39.9,68.9,2.3,0.8,1.6,0.8,0.0,4.1,26.8,19.9,26.8,19.9
20210320,30585,27747,2838,10.23,354.958,239.432,0,0,95.3,98.7,94.3,94.2,75.8,76.1,0.0,42.6,42.4,0.0,42.0,43.6,43.3,0.0,43.9,0.0,49.7,0.0,24.7,24.9,0.0,74.6,76.0,60.4,60.2,57.0,52.1,0.0,61.2,266.8,334.8,202.0,80.8,99.0,46.1,0.0,60.2,0.0,26.4,0.0,101.1,56.9,0.0,11.8,0.0,1.7,1.6,1.7,0.6,0.3,2.5,0.8,35.7,67.5,2.7,0.8,1.2,4.0,0.0,8.1,27.7,19.1,27.7,19.1
20210321,28874,25688,3186,12.4,324.801,219.09,0,0,95.2,98.7,94.3,94.2,76.1,76.2,0.0,43.3,41.9,0.0,41.4,0.0,41.9,0.0,43.4,0.0,49.7,0.0,23.2,24.9,0.0,74.8,76.2,55.6,55.8,28.1,28.0,0.0,56.3,235.9,297.3,192.5,77.6,99.0,46.1,0.0,0.0,53.4,0.0,0.0,105.8,27.5,0.0,10.9,0.0,1.8,1.5,1.6,0.6,0.3,2.4,0.9,29.4,54.8,0.5,0.8,1.0,4.0,0.0,8.4,20.8,14.8,20.8,14.8
20210322,32832,29607,3225,10.89,360.446,243.133,0,0,95.2,98.7,94.5,94.3,76.0,76.2,0.0,42.7,43.2,0.0,41.8,42.6,42.3,0.0,39.0,0.0,51.0,0.0,23.2,25.0,0.0,74.9,76.3,60.2,60.1,39.0,38.9,0.0,119.9,305.8,346.1,196.3,71.0,98.0,92.0,49.5,60.2,53.9,28.0,0.0,106.2,27.4,0.0,11.5,0.0,1.2,1.4,1.6,0.6,0.9,2.4,0.9,16.0,34.0,2.0,0.8,2.4,4.0,0.0,9.2,15.9,11.9,15.9,11.9
20210323,33263,29726,3537,11.9,368.377,248.483,0,0,95.1,98.8,94.4,94.3,75.9,76.3,0.0,43.8,43.3,0.0,42.4,43.6,43.4,0.0,39.0,0.0,50.0,0.0,23.1,25.0,0.0,74.7,76.1,60.3,60.1,46.3,46.4,0.0,114.1,313.7,347.0,208.7,75.5,97.9,87.8,49.0,60.2,48.9,27.2,0.0,100.3,27.9,3.5,11.5,0.0,2.4,1.5,1.6,0.6,1.0,1.4,0.8,29.5,67.5,5.0,0.9,3.5,4.0,0.0,9.0,19.7,15.1,19.7,15.1
20210324,33109,30050,3059,10.18,372.687,251.39,0,0,95.0,98.8,94.4,94.2,76.0,76.2,0.0,43.8,43.5,0.0,42.4,43.6,43.2,0.0,43.9,0.0,49.9,0.0,23.9,24.9,0.0,74.9,76.2,60.3,60.1,37.6,56.9,0.0,116.5,325.2,354.0,204.3,74.7,98.0,92.0,49.2,60.2,52.6,27.1,0.0,102.5,27.8,0.0,11.5,0.0,1.0,0.9,1.2,0.5,2.5,2.2,0.8,24.1,46.9,3.0,0.8,4.0,4.0,0.0,10.4,18.4,14.4,18.4,14.4
20210325,33126,29854,3272,10.96,367.695,248.023,0,0,94.9,98.9,94.4,94.2,76.1,76.3,0.0,38.0,42.5,0.0,37.3,38.9,38.2,0.0,39.0,0.0,49.9,0.0,23.6,24.8,0.0,74.9,76.3,60.4,60.2,47.3,33.6,0.0,117.4,302.8,336.5,192.7,73.3,98.7,91.9,49.1,60.2,52.5,27.2,0.0,102.8,37.3,0.0,11.5,0.0,1.9,1.0,1.4,0.4,2.2,3.1,1.1,30.2,50.1,1.6,1.1,3.0,4.1,0.0,22.0,21.3,12.2,21.3,12.2
20210326,33208,29929,3279,10.96,371.558,250.629,0,0,94.7,98.9,94.5,94.3,76.0,76.1,0.0,42.8,44.5,0.0,47.2,43.9,43.0,0.0,43.9,0.0,49.9,0.0,29.0,32.2,0.0,74.9,76.2,60.4,60.2,55.1,47.4,0.0,114.8,304.2,342.0,177.7,74.6,99.0,92.0,48.5,60.3,52.3,27.0,0.0,101.5,44.7,0.1,11.3,0.0,0.6,1.0,1.5,0.3,2.2,2.1,0.7,14.6,63.5,0.6,1.1,3.0,4.0,0.0,22.8,27.1,18.3,27.1,18.3
20210327,30894,27693,3201,11.56,348.79,235.272,0,0,94.7,98.9,94.1,94.3,75.9,76.1,0.0,34.2,33.9,0.0,33.1,34.0,33.1,0.0,34.3,0.0,49.9,0.0,23.0,24.9,0.0,74.8,76.1,56.6,0.0,33.0,32.6,0.0,68.6,316.6,350.5,195.3,75.4,73.9,45.9,47.0,60.3,50.8,26.2,0.0,99.5,27.7,0.0,11.3,0.0,0.7,1.4,1.8,0.5,0.3,2.5,0.9,43.7,83.4,3.4,0.9,3.0,4.0,0.0,21.9,29.4,18.4,29.4,18.4
20210328,29783,26864,2919,10.87,333.328,224.841,0,0,94.5,72.2,94.3,94.3,75.9,76.0,0.0,40.3,39.8,0.0,39.1,40.0,28.5,0.0,41.7,0.0,49.9,0.0,23.2,24.9,0.0,74.6,76.2,56.7,0.0,38.1,37.4,0.0,58.2,313.6,353.4,190.8,81.4,99.0,45.9,47.7,0.0,50.6,26.0,0.0,100.6,27.6,0.0,11.3,0.0,0.7,1.6,1.9,0.6,0.3,2.5,0.9,37.8,49.1,3.0,0.9,3.5,4.0,0.0,20.7,29.1,20.4,29.1,20.4
20210329,34641,31460,3181,10.11,378.528,255.331,0,0,94.3,95.9,94.2,94.3,75.8,76.1,0.0,50.5,43.9,0.0,44.7,44.0,43.0,0.0,48.6,0.0,49.9,0.0,29.7,32.7,0.0,74.8,76.2,60.3,60.2,55.9,55.7,0.0,124.5,343.6,345.8,211.9,78.8,98.4,46.8,47.5,60.3,50.5,26.0,0.0,97.2,72.2,0.0,11.7,0.0,1.4,1.3,1.7,0.5,0.3,2.5,0.9,34.2,51.1,1.4,0.9,2.4,2.9,0.0,15.6,29.9,21.5,29.9,21.5
20210330,35318,32056,3262,10.18,394.735,266.263,0,0,94.2,98.8,94.3,94.2,75.9,76.1,0.0,47.7,42.7,0.0,46.8,44.1,45.7,0.0,44.2,0.0,49.9,0.0,30.4,32.5,0.0,74.8,76.1,60.3,60.2,57.1,56.9,0.0,121.5,325.2,349.3,195.1,82.8,99.0,45.9,46.8,60.3,50.1,25.7,50.7,94.3,84.5,0.2,11.7,0.0,0.6,1.3,1.7,0.4,0.6,1.6,0.5,15.0,44.2,0.5,0.9,1.6,0.0,0.0,7.0,30.4,22.0,30.4,22.0
20210331,35323,32094,3229,10.06,395.185,266.567,0,0,94.1,98.8,94.1,94.1,75.8,76.0,0.0,47.5,43.1,0.0,46.7,44.1,43.6,0.0,43.9,0.0,52.6,0.0,39.4,38.9,0.0,74.7,76.1,60.2,60.2,57.0,56.9,0.0,120.1,327.8,342.0,195.3,82.9,99.0,45.9,47.5,60.3,50.4,25.9,68.4,96.8,80.9,1.49,11.7,0.0,1.2,1.3,1.7,0.6,3.7,1.5,0.3,26.1,63.6,1.0,0.8,2.5,2.8,0.0,15.6,28.5,21.1,28.5,21.1